img,pred
00163.jpg,45
00707.jpg,45
01277.jpg,45
02050.jpg,127
02848.jpg,127
03943.jpg,127
04544.jpg,45
04827.jpg,45
04874.jpg,45
05030.jpg,12
05657.jpg,45
06052.jpg,45
06262.jpg,45
07279.jpg,45
08011.jpg,45
00198.jpg,144
00255.jpg,55
00308.jpg,143
00374.jpg,31
00878.jpg,143
00898.jpg,86
01010.jpg,143
01012.jpg,55
01255.jpg,143
01617.jpg,165
01864.jpg,144
01911.jpg,143
02095.jpg,143
02605.jpg,111
02738.jpg,143
02911.jpg,144
02919.jpg,177
03265.jpg,143
03608.jpg,143
03670.jpg,143
03715.jpg,143
03761.jpg,143
03813.jpg,143
03877.jpg,143
03968.jpg,143
04224.jpg,165
04691.jpg,64
04833.jpg,144
05042.jpg,66
05671.jpg,143
05916.jpg,143
06179.jpg,143
06196.jpg,143
06244.jpg,143
06538.jpg,177
06660.jpg,143
06718.jpg,143
07171.jpg,55
07174.jpg,143
07483.jpg,143
07666.jpg,65
07696.jpg,143
07800.jpg,177
07860.jpg,144
08018.jpg,143
00691.jpg,158
01891.jpg,110
02540.jpg,76
02669.jpg,0
03011.jpg,0
03690.jpg,0
03767.jpg,0
03875.jpg,48
04011.jpg,0
04486.jpg,0
05259.jpg,0
06624.jpg,190
06839.jpg,135
07897.jpg,0
00002.jpg,110
00740.jpg,76
01214.jpg,135
01716.jpg,76
01870.jpg,0
02364.jpg,41
02589.jpg,76
02663.jpg,76
03030.jpg,76
03152.jpg,186
03169.jpg,0
03871.jpg,76
03881.jpg,140
04588.jpg,76
04816.jpg,76
05333.jpg,76
05347.jpg,76
05434.jpg,0
05545.jpg,76
05748.jpg,76
05967.jpg,76
06328.jpg,76
06784.jpg,76
06816.jpg,135
06974.jpg,76
07175.jpg,76
07346.jpg,76
07392.jpg,76
00392.jpg,110
00697.jpg,0
00920.jpg,63
01264.jpg,110
02124.jpg,63
02240.jpg,156
02274.jpg,76
02913.jpg,135
03051.jpg,96
03102.jpg,0
03165.jpg,186
03238.jpg,139
03241.jpg,117
03243.jpg,110
03467.jpg,63
03512.jpg,63
03607.jpg,59
03795.jpg,135
04349.jpg,20
04482.jpg,63
04511.jpg,63
05057.jpg,110
05125.jpg,20
05307.jpg,156
05324.jpg,180
05405.jpg,144
05979.jpg,0
06099.jpg,186
06145.jpg,146
06302.jpg,180
06422.jpg,110
06614.jpg,145
07050.jpg,63
07191.jpg,102
07214.jpg,156
07364.jpg,110
07445.jpg,186
07463.jpg,183
07661.jpg,63
07706.jpg,63
07752.jpg,20
07916.jpg,110
00069.jpg,76
00151.jpg,0
00410.jpg,117
00424.jpg,15
00631.jpg,76
00700.jpg,186
00742.jpg,76
01134.jpg,98
01392.jpg,110
01972.jpg,135
02004.jpg,76
02111.jpg,42
02457.jpg,76
02670.jpg,153
02739.jpg,76
02843.jpg,0
02897.jpg,76
03054.jpg,76
03081.jpg,76
03127.jpg,15
03191.jpg,76
03417.jpg,41
03511.jpg,76
03641.jpg,0
03965.jpg,0
04338.jpg,15
04392.jpg,0
04470.jpg,76
04484.jpg,0
04651.jpg,76
05128.jpg,153
06183.jpg,110
06292.jpg,0
06296.jpg,76
06313.jpg,0
06388.jpg,76
06774.jpg,76
06850.jpg,76
07450.jpg,41
08016.jpg,76
08127.jpg,183
00236.jpg,190
00244.jpg,110
00320.jpg,0
00425.jpg,190
00912.jpg,76
01105.jpg,146
01322.jpg,190
01416.jpg,151
01468.jpg,156
01537.jpg,140
01706.jpg,190
01901.jpg,76
02359.jpg,15
02438.jpg,0
02671.jpg,76
03308.jpg,110
03316.jpg,4
03790.jpg,34
04085.jpg,50
04252.jpg,83
04608.jpg,190
04631.jpg,4
04825.jpg,190
05077.jpg,0
05197.jpg,190
05349.jpg,106
05386.jpg,110
06158.jpg,76
06269.jpg,190
06309.jpg,106
06480.jpg,76
06518.jpg,50
06603.jpg,190
06644.jpg,18
07061.jpg,190
07169.jpg,0
07351.jpg,190
07769.jpg,183
07833.jpg,106
00065.jpg,77
00208.jpg,130
01283.jpg,77
01331.jpg,78
01483.jpg,78
01819.jpg,77
01852.jpg,77
03311.jpg,77
03575.jpg,187
03589.jpg,77
04186.jpg,77
04247.jpg,78
04396.jpg,87
04884.jpg,77
04942.jpg,77
05304.jpg,77
05373.jpg,130
05567.jpg,58
06530.jpg,77
06782.jpg,77
07278.jpg,122
08096.jpg,172
00340.jpg,9
00503.jpg,77
00634.jpg,77
00635.jpg,77
01276.jpg,78
01361.jpg,122
01680.jpg,77
01768.jpg,77
02058.jpg,77
02194.jpg,77
02378.jpg,78
02577.jpg,166
02645.jpg,100
02771.jpg,142
03009.jpg,77
03064.jpg,91
03239.jpg,77
03454.jpg,77
03659.jpg,100
03662.jpg,77
03732.jpg,130
03828.jpg,77
04308.jpg,77
04494.jpg,78
04509.jpg,77
04510.jpg,27
04724.jpg,77
04725.jpg,53
04750.jpg,77
05306.jpg,77
05382.jpg,77
05694.jpg,77
05909.jpg,53
06375.jpg,77
06381.jpg,130
06539.jpg,77
06683.jpg,77
06896.jpg,77
06921.jpg,122
07471.jpg,77
07704.jpg,20
00221.jpg,77
00292.jpg,78
00370.jpg,78
00405.jpg,77
01678.jpg,77
01786.jpg,130
02484.jpg,78
03101.jpg,130
03854.jpg,78
04386.jpg,78
04552.jpg,78
05048.jpg,78
05143.jpg,78
05579.jpg,77
06906.jpg,78
08085.jpg,78
00206.jpg,100
00318.jpg,100
00660.jpg,100
01124.jpg,122
01179.jpg,100
01425.jpg,100
01578.jpg,146
01581.jpg,100
01767.jpg,100
01833.jpg,25
02055.jpg,172
02921.jpg,78
03184.jpg,9
03208.jpg,100
03458.jpg,71
03502.jpg,100
03561.jpg,77
03766.jpg,87
03844.jpg,100
03882.jpg,100
03905.jpg,100
04166.jpg,100
04292.jpg,100
04427.jpg,100
04611.jpg,100
04652.jpg,100
04857.jpg,100
05529.jpg,100
05624.jpg,100
06433.jpg,87
06529.jpg,100
07005.jpg,98
07048.jpg,100
07118.jpg,100
07340.jpg,9
07610.jpg,100
07740.jpg,100
08051.jpg,98
00066.jpg,177
00266.jpg,79
00865.jpg,79
02176.jpg,79
02600.jpg,150
02770.jpg,79
02887.jpg,79
03253.jpg,79
03717.jpg,79
03765.jpg,150
04447.jpg,79
05177.jpg,79
05181.jpg,79
05594.jpg,116
06947.jpg,79
07076.jpg,79
07693.jpg,150
08043.jpg,79
08137.jpg,79
00083.jpg,79
00154.jpg,79
00217.jpg,116
00219.jpg,79
00471.jpg,29
00780.jpg,39
01097.jpg,116
01591.jpg,167
01609.jpg,79
01700.jpg,177
02171.jpg,177
02214.jpg,79
02292.jpg,79
02341.jpg,79
02400.jpg,79
02505.jpg,79
02796.jpg,79
03435.jpg,154
03439.jpg,79
03498.jpg,177
04176.jpg,116
04567.jpg,79
04744.jpg,79
05271.jpg,150
05576.jpg,150
05645.jpg,116
05713.jpg,79
05787.jpg,79
05869.jpg,150
06291.jpg,150
06362.jpg,79
06610.jpg,150
06664.jpg,166
06871.jpg,79
06873.jpg,39
07002.jpg,79
07028.jpg,177
07195.jpg,79
07213.jpg,116
07383.jpg,79
07384.jpg,7
07493.jpg,150
07649.jpg,79
00041.jpg,91
00128.jpg,131
00548.jpg,131
00549.jpg,171
00638.jpg,131
01346.jpg,149
01372.jpg,171
01608.jpg,131
01715.jpg,187
01733.jpg,80
01755.jpg,131
01803.jpg,131
01944.jpg,131
02220.jpg,171
02431.jpg,180
02464.jpg,186
02641.jpg,91
02674.jpg,158
02899.jpg,171
03221.jpg,171
03233.jpg,158
03313.jpg,131
03418.jpg,110
03654.jpg,158
03756.jpg,131
04448.jpg,131
04918.jpg,131
05063.jpg,91
05083.jpg,187
05148.jpg,131
05315.jpg,131
05353.jpg,149
05587.jpg,149
06450.jpg,131
06570.jpg,171
06991.jpg,171
07572.jpg,80
07681.jpg,131
07976.jpg,110
08027.jpg,149
08028.jpg,171
00053.jpg,113
00289.jpg,171
00311.jpg,171
00450.jpg,131
00481.jpg,187
00686.jpg,172
00936.jpg,20
01157.jpg,158
01450.jpg,149
01457.jpg,187
01486.jpg,20
01496.jpg,171
01589.jpg,4
01783.jpg,171
01805.jpg,171
01877.jpg,149
02325.jpg,158
02625.jpg,83
02632.jpg,171
03139.jpg,25
03203.jpg,110
03215.jpg,187
03283.jpg,113
03755.jpg,31
03909.jpg,171
03969.jpg,171
04155.jpg,131
04241.jpg,171
04456.jpg,59
04839.jpg,100
04956.jpg,171
05086.jpg,61
05138.jpg,158
05280.jpg,171
06067.jpg,171
06208.jpg,158
06869.jpg,91
06984.jpg,171
07090.jpg,149
07103.jpg,146
07408.jpg,171
07646.jpg,75
07727.jpg,113
00201.jpg,145
01297.jpg,1
01762.jpg,180
02584.jpg,5
02773.jpg,1
02797.jpg,1
04379.jpg,1
04497.jpg,80
04533.jpg,1
04818.jpg,1
05263.jpg,80
06020.jpg,145
06515.jpg,1
06708.jpg,80
06859.jpg,145
07206.jpg,80
07307.jpg,145
07439.jpg,1
08014.jpg,1
08086.jpg,1
00159.jpg,179
00313.jpg,180
00446.jpg,187
00632.jpg,180
00689.jpg,171
00733.jpg,171
00750.jpg,166
00770.jpg,156
00793.jpg,91
00803.jpg,115
00835.jpg,43
01073.jpg,145
01195.jpg,156
01600.jpg,180
02056.jpg,180
02165.jpg,145
02561.jpg,187
02680.jpg,180
02715.jpg,171
03087.jpg,165
03119.jpg,1
03269.jpg,188
03842.jpg,149
03855.jpg,180
03886.jpg,180
03892.jpg,180
04480.jpg,180
04580.jpg,180
04841.jpg,171
05429.jpg,5
05688.jpg,180
05887.jpg,145
05908.jpg,180
06565.jpg,187
06852.jpg,180
07258.jpg,145
07339.jpg,180
07553.jpg,180
07562.jpg,180
07590.jpg,39
07878.jpg,180
07889.jpg,187
07938.jpg,180
08026.jpg,11
08053.jpg,180
00397.jpg,91
00825.jpg,91
00934.jpg,91
00988.jpg,63
01022.jpg,91
01308.jpg,180
02059.jpg,91
02114.jpg,91
02630.jpg,171
02800.jpg,91
03103.jpg,131
04059.jpg,91
05085.jpg,131
06229.jpg,91
06344.jpg,91
06475.jpg,91
06956.jpg,91
07295.jpg,180
00765.jpg,80
01167.jpg,80
01370.jpg,80
01810.jpg,80
02041.jpg,80
02264.jpg,80
02395.jpg,80
02556.jpg,171
03503.jpg,80
03619.jpg,80
03644.jpg,1
03738.jpg,80
04313.jpg,131
04689.jpg,80
05114.jpg,131
05144.jpg,149
05964.jpg,131
06536.jpg,80
06793.jpg,80
06969.jpg,80
07854.jpg,149
00334.jpg,80
00767.jpg,91
00785.jpg,149
01091.jpg,149
01094.jpg,131
01151.jpg,158
01515.jpg,149
01524.jpg,131
01639.jpg,80
01778.jpg,149
01883.jpg,131
02025.jpg,187
02244.jpg,131
02256.jpg,131
03226.jpg,2
03427.jpg,158
03445.jpg,131
03449.jpg,135
03595.jpg,149
03653.jpg,91
03721.jpg,131
03829.jpg,171
03848.jpg,149
03936.jpg,158
04650.jpg,20
04676.jpg,131
04819.jpg,149
05129.jpg,131
05426.jpg,149
05518.jpg,80
05674.jpg,131
06105.jpg,180
06193.jpg,149
06509.jpg,131
06546.jpg,80
06581.jpg,80
06705.jpg,158
06756.jpg,97
06778.jpg,187
06826.jpg,80
07039.jpg,149
07115.jpg,158
08055.jpg,53
00089.jpg,180
00274.jpg,180
00600.jpg,180
00602.jpg,91
00681.jpg,156
00772.jpg,91
00899.jpg,145
00918.jpg,131
00956.jpg,131
01048.jpg,180
01123.jpg,91
01298.jpg,180
01643.jpg,31
02185.jpg,180
02412.jpg,171
02441.jpg,113
02688.jpg,180
02958.jpg,131
02974.jpg,180
03025.jpg,180
03157.jpg,180
03344.jpg,131
03367.jpg,187
03412.jpg,145
03543.jpg,180
03887.jpg,175
03952.jpg,91
04195.jpg,149
04237.jpg,175
04581.jpg,180
04696.jpg,180
04733.jpg,180
04802.jpg,171
05007.jpg,149
05122.jpg,171
05162.jpg,180
05212.jpg,180
05705.jpg,180
05965.jpg,180
05986.jpg,131
06151.jpg,180
06677.jpg,131
06741.jpg,180
06830.jpg,180
06914.jpg,156
06954.jpg,156
00171.jpg,158
00302.jpg,187
00408.jpg,171
00723.jpg,187
01245.jpg,171
01534.jpg,145
01644.jpg,180
01954.jpg,187
02130.jpg,180
02267.jpg,158
02539.jpg,171
03057.jpg,187
03383.jpg,158
03698.jpg,171
03703.jpg,158
03758.jpg,158
04061.jpg,158
04359.jpg,171
04702.jpg,180
04883.jpg,143
04944.jpg,171
05067.jpg,171
05359.jpg,158
05392.jpg,145
05408.jpg,158
05435.jpg,149
05448.jpg,158
05572.jpg,187
06011.jpg,158
06071.jpg,187
06094.jpg,171
06277.jpg,158
06335.jpg,158
06432.jpg,158
06553.jpg,80
07059.jpg,145
07142.jpg,171
07312.jpg,187
07313.jpg,171
07822.jpg,158
07879.jpg,171
00046.jpg,98
00684.jpg,187
01092.jpg,158
01415.jpg,158
01948.jpg,187
02009.jpg,187
02323.jpg,143
02334.jpg,158
02370.jpg,158
02456.jpg,158
02764.jpg,187
03019.jpg,171
03121.jpg,158
03349.jpg,187
03422.jpg,187
03830.jpg,187
03839.jpg,158
04269.jpg,158
04357.jpg,187
04443.jpg,187
04475.jpg,98
04673.jpg,158
04822.jpg,158
04885.jpg,187
05040.jpg,187
05075.jpg,187
05146.jpg,187
05183.jpg,187
05226.jpg,180
05425.jpg,187
05473.jpg,171
05647.jpg,187
05729.jpg,158
05886.jpg,187
05902.jpg,187
06169.jpg,187
06249.jpg,187
06593.jpg,187
06704.jpg,171
06916.jpg,187
00001.jpg,171
00017.jpg,158
00411.jpg,171
00467.jpg,135
00888.jpg,158
01085.jpg,145
01210.jpg,158
01232.jpg,180
01403.jpg,158
01880.jpg,145
02007.jpg,145
02474.jpg,187
02598.jpg,158
02766.jpg,171
02896.jpg,171
02948.jpg,158
03055.jpg,20
03289.jpg,180
03547.jpg,171
03590.jpg,158
03750.jpg,145
03804.jpg,158
03818.jpg,145
03838.jpg,135
04014.jpg,158
04428.jpg,20
04537.jpg,180
04595.jpg,158
04671.jpg,145
04753.jpg,180
05116.jpg,171
05265.jpg,145
05266.jpg,20
05857.jpg,135
06227.jpg,145
06586.jpg,158
06600.jpg,158
06845.jpg,171
06857.jpg,158
07377.jpg,80
07423.jpg,171
07586.jpg,20
07765.jpg,91
00200.jpg,150
00239.jpg,150
00261.jpg,150
00603.jpg,150
00653.jpg,79
00975.jpg,150
01180.jpg,150
01251.jpg,150
01494.jpg,79
01620.jpg,118
01970.jpg,79
02015.jpg,150
02032.jpg,79
02068.jpg,150
02304.jpg,29
02656.jpg,150
02728.jpg,150
02900.jpg,79
03015.jpg,150
03314.jpg,150
03321.jpg,150
03429.jpg,79
03513.jpg,177
03673.jpg,116
03764.jpg,150
03791.jpg,150
03981.jpg,150
04191.jpg,79
04312.jpg,150
04848.jpg,79
04893.jpg,150
04923.jpg,79
04931.jpg,79
05802.jpg,150
05924.jpg,44
06037.jpg,116
06646.jpg,150
07053.jpg,150
07130.jpg,150
07273.jpg,150
07468.jpg,116
07496.jpg,79
07535.jpg,79
07930.jpg,29
00678.jpg,175
01423.jpg,81
01663.jpg,81
01838.jpg,81
02042.jpg,81
02241.jpg,81
02451.jpg,81
03199.jpg,132
03457.jpg,81
03525.jpg,158
03990.jpg,81
04086.jpg,81
04152.jpg,98
04644.jpg,1
05634.jpg,81
06703.jpg,81
06752.jpg,132
06894.jpg,81
00122.jpg,82
00598.jpg,98
00870.jpg,98
01206.jpg,175
01239.jpg,187
01292.jpg,132
01500.jpg,98
01553.jpg,98
02027.jpg,98
02233.jpg,81
02338.jpg,98
02416.jpg,98
02504.jpg,81
02627.jpg,132
02649.jpg,132
02758.jpg,98
02772.jpg,98
03634.jpg,135
03665.jpg,98
03874.jpg,81
04030.jpg,98
04505.jpg,98
04551.jpg,98
04832.jpg,82
04865.jpg,98
05028.jpg,81
05404.jpg,98
05445.jpg,81
05541.jpg,81
05654.jpg,98
05794.jpg,81
05947.jpg,132
05985.jpg,132
06202.jpg,132
06387.jpg,98
06574.jpg,98
07022.jpg,81
07031.jpg,98
07155.jpg,98
07262.jpg,81
08021.jpg,98
00125.jpg,82
00490.jpg,135
01115.jpg,175
01127.jpg,82
01493.jpg,131
01520.jpg,82
02154.jpg,82
02465.jpg,82
03254.jpg,2
03722.jpg,82
03953.jpg,82
04500.jpg,82
04806.jpg,2
04810.jpg,175
05344.jpg,162
05395.jpg,82
06486.jpg,82
06879.jpg,82
06891.jpg,175
07146.jpg,82
07173.jpg,82
07577.jpg,158
07669.jpg,82
07751.jpg,82
00153.jpg,175
00859.jpg,2
01089.jpg,2
01128.jpg,2
01192.jpg,82
01208.jpg,110
01340.jpg,2
01395.jpg,82
01687.jpg,30
02087.jpg,145
02116.jpg,144
02188.jpg,43
02419.jpg,82
02874.jpg,144
02992.jpg,82
03010.jpg,156
03214.jpg,20
03709.jpg,175
04029.jpg,32
04266.jpg,110
04410.jpg,132
04547.jpg,2
04706.jpg,31
04769.jpg,86
04998.jpg,2
05105.jpg,175
05568.jpg,175
05592.jpg,30
05604.jpg,2
05633.jpg,9
06030.jpg,2
06298.jpg,2
06696.jpg,144
06885.jpg,175
06919.jpg,144
06934.jpg,124
06945.jpg,82
07045.jpg,144
07269.jpg,2
07557.jpg,110
07721.jpg,91
08004.jpg,82
00257.jpg,122
00303.jpg,124
00701.jpg,130
00991.jpg,132
01129.jpg,122
01142.jpg,144
01164.jpg,78
01353.jpg,177
01719.jpg,122
01775.jpg,122
01851.jpg,122
01879.jpg,180
01981.jpg,122
02029.jpg,122
02164.jpg,43
02717.jpg,43
02813.jpg,122
03178.jpg,122
03370.jpg,110
03716.jpg,91
03957.jpg,135
04038.jpg,122
04138.jpg,135
04205.jpg,122
04323.jpg,122
04469.jpg,122
04472.jpg,122
04584.jpg,43
04778.jpg,130
04792.jpg,122
04966.jpg,122
05156.jpg,30
05570.jpg,144
05892.jpg,122
06299.jpg,122
06317.jpg,122
06443.jpg,122
06823.jpg,132
06892.jpg,130
07040.jpg,122
07252.jpg,122
07639.jpg,146
07793.jpg,110
07994.jpg,122
00238.jpg,2
00438.jpg,2
01059.jpg,175
01839.jpg,175
01841.jpg,175
01890.jpg,2
02144.jpg,32
02258.jpg,2
02324.jpg,82
02835.jpg,2
05090.jpg,2
05514.jpg,2
05720.jpg,17
06107.jpg,175
06734.jpg,2
07574.jpg,2
07880.jpg,175
00546.jpg,132
00592.jpg,82
00971.jpg,98
01065.jpg,2
01122.jpg,98
01443.jpg,98
01489.jpg,132
01807.jpg,156
01993.jpg,98
02006.jpg,122
02033.jpg,122
02172.jpg,132
02195.jpg,175
02287.jpg,132
02480.jpg,132
02691.jpg,132
03181.jpg,98
03294.jpg,146
03451.jpg,132
03478.jpg,156
03865.jpg,26
04594.jpg,53
04630.jpg,82
04760.jpg,132
04777.jpg,132
04840.jpg,143
04915.jpg,82
04945.jpg,81
05011.jpg,20
05471.jpg,158
05477.jpg,98
05478.jpg,132
05584.jpg,132
05867.jpg,132
06080.jpg,135
06234.jpg,132
06426.jpg,53
06758.jpg,132
07034.jpg,98
07081.jpg,132
07187.jpg,132
07228.jpg,78
07657.jpg,88
07922.jpg,98
08032.jpg,81
00792.jpg,132
01582.jpg,175
01675.jpg,175
01825.jpg,82
01854.jpg,50
02063.jpg,156
02232.jpg,32
02426.jpg,110
02468.jpg,175
03111.jpg,156
03288.jpg,175
03298.jpg,135
03399.jpg,132
03486.jpg,156
03545.jpg,59
03835.jpg,110
03852.jpg,132
03951.jpg,20
04351.jpg,2
04385.jpg,190
04727.jpg,186
04742.jpg,98
04978.jpg,132
05087.jpg,63
05173.jpg,2
05275.jpg,175
05290.jpg,132
05379.jpg,175
05547.jpg,20
05706.jpg,175
05834.jpg,132
06040.jpg,59
06122.jpg,186
06633.jpg,156
06829.jpg,175
07051.jpg,91
07056.jpg,156
07286.jpg,175
07366.jpg,122
07731.jpg,132
07896.jpg,156
00022.jpg,149
00165.jpg,78
00623.jpg,130
00709.jpg,132
01165.jpg,132
01197.jpg,146
01469.jpg,130
01919.jpg,130
02516.jpg,132
02681.jpg,78
02774.jpg,122
02809.jpg,9
02918.jpg,122
03014.jpg,20
03066.jpg,142
03091.jpg,132
03174.jpg,132
03327.jpg,122
03538.jpg,130
03684.jpg,122
03734.jpg,31
04052.jpg,132
04054.jpg,144
04294.jpg,146
04339.jpg,172
04693.jpg,122
04814.jpg,132
05719.jpg,122
05830.jpg,146
06203.jpg,144
06226.jpg,78
06498.jpg,142
06712.jpg,132
07193.jpg,130
07354.jpg,132
07672.jpg,132
07759.jpg,122
07764.jpg,132
08007.jpg,77
08033.jpg,122
08048.jpg,89
00099.jpg,108
00164.jpg,181
00639.jpg,108
00985.jpg,108
01064.jpg,108
01079.jpg,157
01227.jpg,108
01253.jpg,75
01348.jpg,108
01568.jpg,108
01579.jpg,175
01892.jpg,59
02010.jpg,108
02336.jpg,157
02391.jpg,94
02702.jpg,157
02901.jpg,108
03022.jpg,157
03339.jpg,108
03361.jpg,151
03558.jpg,108
04018.jpg,108
04375.jpg,108
04527.jpg,105
04714.jpg,157
04973.jpg,108
05006.jpg,108
05402.jpg,151
05772.jpg,108
05897.jpg,108
06075.jpg,157
06214.jpg,108
06278.jpg,105
06308.jpg,108
06997.jpg,108
07480.jpg,129
07511.jpg,175
08068.jpg,108
08082.jpg,157
00366.jpg,108
00650.jpg,112
01061.jpg,129
01613.jpg,108
01656.jpg,108
01966.jpg,108
02018.jpg,108
02046.jpg,175
02081.jpg,108
02221.jpg,108
02655.jpg,108
03180.jpg,108
03244.jpg,108
03534.jpg,105
03617.jpg,157
03935.jpg,174
04060.jpg,129
04171.jpg,108
04374.jpg,108
04719.jpg,129
04736.jpg,108
04737.jpg,108
05132.jpg,108
05463.jpg,108
06027.jpg,129
06204.jpg,108
06252.jpg,108
06559.jpg,152
06605.jpg,152
06620.jpg,108
06662.jpg,105
06663.jpg,108
06676.jpg,79
06907.jpg,108
07134.jpg,147
07263.jpg,108
07308.jpg,151
07311.jpg,163
07389.jpg,129
07592.jpg,108
08058.jpg,108
08118.jpg,108
00579.jpg,82
00930.jpg,82
00977.jpg,108
01438.jpg,108
01473.jpg,88
01580.jpg,81
01672.jpg,108
01681.jpg,105
01990.jpg,108
01991.jpg,105
02410.jpg,108
02509.jpg,135
02850.jpg,43
02975.jpg,132
02999.jpg,88
03237.jpg,98
03570.jpg,105
03677.jpg,108
03736.jpg,108
04067.jpg,94
04149.jpg,105
04434.jpg,105
04803.jpg,108
05058.jpg,108
05273.jpg,94
05314.jpg,108
05443.jpg,108
05535.jpg,105
05685.jpg,108
05877.jpg,108
06598.jpg,108
06714.jpg,108
07119.jpg,108
07131.jpg,132
07292.jpg,190
07363.jpg,108
07407.jpg,108
07417.jpg,175
07651.jpg,108
07678.jpg,69
07718.jpg,108
07767.jpg,132
00037.jpg,149
00044.jpg,98
00337.jpg,130
00657.jpg,122
00675.jpg,98
00716.jpg,122
01593.jpg,87
01757.jpg,132
01909.jpg,98
01994.jpg,98
02127.jpg,58
02343.jpg,98
02686.jpg,81
02788.jpg,146
02936.jpg,81
03071.jpg,132
03115.jpg,132
03347.jpg,81
03620.jpg,81
03942.jpg,98
04487.jpg,98
04729.jpg,1
04782.jpg,81
04927.jpg,98
04972.jpg,132
04975.jpg,81
05069.jpg,132
05072.jpg,98
05094.jpg,132
05163.jpg,81
05258.jpg,58
05337.jpg,81
05852.jpg,142
05861.jpg,98
05868.jpg,81
06051.jpg,132
06411.jpg,98
07027.jpg,122
07709.jpg,130
07812.jpg,132
07901.jpg,146
00141.jpg,68
00168.jpg,68
00263.jpg,168
00398.jpg,68
00513.jpg,29
00910.jpg,150
00987.jpg,168
01284.jpg,168
01352.jpg,168
01522.jpg,168
01610.jpg,150
01650.jpg,168
01871.jpg,150
02000.jpg,168
02260.jpg,168
02534.jpg,168
02823.jpg,168
03070.jpg,168
03273.jpg,150
03603.jpg,68
03760.jpg,168
04746.jpg,168
04830.jpg,168
04887.jpg,168
05029.jpg,68
05341.jpg,68
05454.jpg,168
05648.jpg,168
05695.jpg,68
05865.jpg,168
05875.jpg,150
06128.jpg,150
06583.jpg,168
06768.jpg,168
06860.jpg,168
07109.jpg,168
07154.jpg,168
08015.jpg,150
08124.jpg,168
00057.jpg,92
00749.jpg,111
00896.jpg,111
00897.jpg,111
01270.jpg,111
01357.jpg,92
01677.jpg,111
01857.jpg,111
02096.jpg,92
02175.jpg,168
02231.jpg,111
02259.jpg,111
02452.jpg,111
02493.jpg,111
02845.jpg,111
03149.jpg,111
03464.jpg,111
04109.jpg,111
04812.jpg,168
04886.jpg,117
04951.jpg,111
04989.jpg,111
05145.jpg,168
05539.jpg,111
05542.jpg,92
05707.jpg,168
05779.jpg,111
05923.jpg,168
05946.jpg,111
05981.jpg,111
06028.jpg,111
06076.jpg,111
06369.jpg,68
06505.jpg,111
06520.jpg,111
06635.jpg,111
06781.jpg,111
06994.jpg,111
07396.jpg,111
07495.jpg,111
07605.jpg,168
07618.jpg,20
07789.jpg,92
07797.jpg,111
07948.jpg,117
00078.jpg,111
00517.jpg,111
00938.jpg,92
01001.jpg,111
01002.jpg,168
01008.jpg,158
01054.jpg,92
01130.jpg,111
01178.jpg,111
01399.jpg,111
01409.jpg,92
01485.jpg,168
01929.jpg,92
01935.jpg,92
02352.jpg,111
02553.jpg,92
02868.jpg,111
02892.jpg,111
02967.jpg,92
03175.jpg,92
03245.jpg,92
03425.jpg,111
03433.jpg,92
03436.jpg,92
03480.jpg,71
03655.jpg,111
03975.jpg,117
04243.jpg,111
04353.jpg,111
04449.jpg,146
04531.jpg,92
04924.jpg,92
05068.jpg,111
05453.jpg,92
05670.jpg,111
05699.jpg,3
05870.jpg,111
05893.jpg,111
06222.jpg,111
06549.jpg,111
07353.jpg,111
07458.jpg,111
07598.jpg,111
07679.jpg,92
07778.jpg,92
07990.jpg,92
00050.jpg,92
00160.jpg,92
00926.jpg,92
03413.jpg,92
04929.jpg,92
05095.jpg,92
05769.jpg,92
06005.jpg,111
06800.jpg,92
06915.jpg,92
07964.jpg,168
00357.jpg,165
01138.jpg,3
01224.jpg,58
01324.jpg,92
01772.jpg,3
01792.jpg,3
01916.jpg,3
02381.jpg,3
04519.jpg,92
04576.jpg,3
04747.jpg,83
05640.jpg,92
06405.jpg,3
06653.jpg,84
06792.jpg,3
07277.jpg,3
00167.jpg,168
00589.jpg,117
00732.jpg,168
00746.jpg,168
00856.jpg,68
01039.jpg,168
01205.jpg,168
01552.jpg,168
02386.jpg,115
02718.jpg,168
02789.jpg,168
03285.jpg,168
03299.jpg,3
03404.jpg,168
03455.jpg,168
03506.jpg,168
03928.jpg,111
04690.jpg,168
04771.jpg,168
04783.jpg,168
05548.jpg,168
05722.jpg,168
05763.jpg,115
05803.jpg,168
05928.jpg,92
05971.jpg,168
06110.jpg,168
06181.jpg,168
06217.jpg,168
06233.jpg,68
06326.jpg,168
06636.jpg,168
06729.jpg,37
06952.jpg,168
07285.jpg,168
07433.jpg,168
00871.jpg,83
01335.jpg,83
02155.jpg,83
02541.jpg,83
02549.jpg,162
03762.jpg,83
04250.jpg,113
04334.jpg,83
05351.jpg,83
05442.jpg,83
07451.jpg,83
07673.jpg,83
00267.jpg,113
00552.jpg,130
00710.jpg,48
00944.jpg,9
01168.jpg,31
01184.jpg,83
01249.jpg,113
01293.jpg,113
01381.jpg,113
01484.jpg,113
01703.jpg,113
01708.jpg,83
01818.jpg,83
02309.jpg,27
02427.jpg,113
02520.jpg,113
02735.jpg,113
02784.jpg,113
02824.jpg,113
02889.jpg,113
02970.jpg,113
03278.jpg,113
03330.jpg,83
03479.jpg,113
03751.jpg,113
04120.jpg,66
04401.jpg,113
04741.jpg,83
05016.jpg,113
05049.jpg,83
05556.jpg,113
05737.jpg,113
06155.jpg,83
06358.jpg,113
06467.jpg,113
06713.jpg,113
07132.jpg,66
07232.jpg,83
07619.jpg,113
07635.jpg,83
07739.jpg,113
07766.jpg,113
08129.jpg,113
08130.jpg,83
00177.jpg,157
00253.jpg,112
00295.jpg,112
00362.jpg,112
00417.jpg,112
00591.jpg,73
00943.jpg,112
00981.jpg,112
01027.jpg,112
01201.jpg,112
01557.jpg,112
01691.jpg,112
02303.jpg,112
02606.jpg,112
03553.jpg,157
03660.jpg,112
04020.jpg,112
04642.jpg,112
04817.jpg,112
05124.jpg,112
05396.jpg,112
05605.jpg,112
05758.jpg,105
05840.jpg,157
05997.jpg,112
06049.jpg,112
06124.jpg,112
06197.jpg,112
06215.jpg,112
06702.jpg,112
06863.jpg,157
07112.jpg,112
07341.jpg,105
07529.jpg,112
07547.jpg,112
07585.jpg,112
07600.jpg,112
07625.jpg,112
07848.jpg,46
07892.jpg,112
07894.jpg,50
08042.jpg,112
00193.jpg,134
00294.jpg,134
00389.jpg,159
00487.jpg,134
01103.jpg,134
01193.jpg,134
01207.jpg,134
01945.jpg,134
02109.jpg,134
02149.jpg,134
02181.jpg,147
02245.jpg,134
02445.jpg,159
02971.jpg,147
03007.jpg,147
03138.jpg,134
03164.jpg,181
03287.jpg,134
03718.jpg,21
03774.jpg,134
03782.jpg,134
03923.jpg,134
04091.jpg,134
04458.jpg,159
04553.jpg,60
04556.jpg,134
04681.jpg,134
04767.jpg,134
05692.jpg,134
05948.jpg,134
05992.jpg,134
06142.jpg,134
06191.jpg,134
06212.jpg,159
06431.jpg,159
06728.jpg,134
06849.jpg,134
06924.jpg,134
07058.jpg,159
07238.jpg,134
07509.jpg,134
07518.jpg,147
07874.jpg,112
00279.jpg,38
00759.jpg,4
01433.jpg,4
01614.jpg,156
01770.jpg,110
03372.jpg,122
03507.jpg,146
04658.jpg,4
04794.jpg,4
04870.jpg,4
06787.jpg,4
06794.jpg,4
07233.jpg,4
07236.jpg,4
07338.jpg,50
07530.jpg,4
00011.jpg,146
00085.jpg,186
00087.jpg,190
00439.jpg,186
00454.jpg,190
00581.jpg,190
00758.jpg,186
01084.jpg,190
01234.jpg,0
01365.jpg,106
01604.jpg,4
01828.jpg,156
01876.jpg,186
01898.jpg,71
02420.jpg,41
02450.jpg,156
02794.jpg,15
02798.jpg,4
02801.jpg,41
02906.jpg,110
03168.jpg,88
03353.jpg,190
03578.jpg,4
03872.jpg,186
03932.jpg,71
04073.jpg,110
04316.jpg,186
04366.jpg,190
04679.jpg,190
05468.jpg,50
05814.jpg,98
05912.jpg,4
06377.jpg,4
06645.jpg,190
06665.jpg,186
07528.jpg,4
07908.jpg,0
07951.jpg,190
00098.jpg,5
00258.jpg,5
00436.jpg,5
00647.jpg,156
00795.jpg,5
02115.jpg,5
02422.jpg,5
02433.jpg,5
02586.jpg,5
02851.jpg,66
02969.jpg,5
03376.jpg,5
04289.jpg,5
04550.jpg,5
04619.jpg,5
05701.jpg,5
05944.jpg,5
06136.jpg,5
06630.jpg,5
07029.jpg,135
07084.jpg,5
07196.jpg,186
07536.jpg,5
07538.jpg,5
00056.jpg,133
00124.jpg,169
00364.jpg,164
00365.jpg,164
00516.jpg,169
00908.jpg,164
00989.jpg,164
01026.jpg,164
01198.jpg,164
01289.jpg,164
01330.jpg,164
01382.jpg,164
01447.jpg,164
01751.jpg,148
01983.jpg,164
02101.jpg,164
02209.jpg,148
02706.jpg,148
03647.jpg,148
03708.jpg,169
03739.jpg,164
03757.jpg,148
03879.jpg,195
03925.jpg,167
04154.jpg,164
04345.jpg,152
04668.jpg,164
05192.jpg,5
05380.jpg,7
05564.jpg,159
05702.jpg,29
05738.jpg,148
05835.jpg,164
06199.jpg,164
06205.jpg,164
06295.jpg,169
06378.jpg,164
06556.jpg,164
06566.jpg,164
06587.jpg,164
06715.jpg,169
07426.jpg,7
07490.jpg,164
07533.jpg,164
07974.jpg,163
00622.jpg,106
00830.jpg,106
00866.jpg,106
00970.jpg,106
01136.jpg,106
01185.jpg,106
01444.jpg,106
01511.jpg,106
01615.jpg,106
01811.jpg,106
01817.jpg,106
01932.jpg,136
01987.jpg,106
02002.jpg,0
02019.jpg,106
02266.jpg,5
02411.jpg,5
02768.jpg,151
02811.jpg,106
03447.jpg,106
03866.jpg,106
04117.jpg,106
04348.jpg,102
04356.jpg,106
04757.jpg,106
04900.jpg,106
05033.jpg,106
05054.jpg,106
05071.jpg,5
05698.jpg,106
05741.jpg,106
05881.jpg,106
06345.jpg,190
06550.jpg,106
06972.jpg,106
07126.jpg,106
07569.jpg,157
07578.jpg,102
07853.jpg,106
07968.jpg,102
08122.jpg,106
00058.jpg,164
00237.jpg,164
00473.jpg,104
01005.jpg,155
01176.jpg,155
01471.jpg,163
01533.jpg,148
01652.jpg,104
02099.jpg,148
02107.jpg,164
02169.jpg,163
02515.jpg,164
03581.jpg,148
03901.jpg,164
03903.jpg,104
03976.jpg,185
04180.jpg,164
04208.jpg,163
04212.jpg,155
04268.jpg,185
04330.jpg,191
04414.jpg,164
04653.jpg,104
04657.jpg,148
04713.jpg,123
04899.jpg,164
05267.jpg,164
05309.jpg,164
05368.jpg,11
05432.jpg,164
05543.jpg,104
05639.jpg,99
05809.jpg,24
05818.jpg,148
06173.jpg,104
06243.jpg,164
06513.jpg,164
06577.jpg,148
07192.jpg,104
07257.jpg,164
07472.jpg,170
07584.jpg,148
07603.jpg,123
07703.jpg,148
08017.jpg,164
00076.jpg,101
00368.jpg,179
00384.jpg,179
00407.jpg,101
00562.jpg,166
00607.jpg,101
00932.jpg,101
01328.jpg,92
01342.jpg,78
01358.jpg,115
01360.jpg,101
01428.jpg,166
01812.jpg,101
02113.jpg,143
02222.jpg,166
02458.jpg,101
02673.jpg,85
02928.jpg,165
03006.jpg,143
03324.jpg,85
03499.jpg,122
04003.jpg,101
04218.jpg,166
04280.jpg,101
04560.jpg,101
04761.jpg,76
05152.jpg,142
05191.jpg,113
05340.jpg,85
05726.jpg,84
05811.jpg,117
05837.jpg,26
05983.jpg,85
06026.jpg,85
06567.jpg,85
06628.jpg,85
06801.jpg,110
06883.jpg,179
07052.jpg,101
07089.jpg,179
07276.jpg,179
07388.jpg,85
07419.jpg,84
07670.jpg,101
07850.jpg,166
00033.jpg,144
00126.jpg,143
00176.jpg,139
00929.jpg,143
01107.jpg,110
01959.jpg,153
02203.jpg,110
02235.jpg,110
02368.jpg,143
02941.jpg,143
02947.jpg,143
03144.jpg,144
03163.jpg,143
03242.jpg,143
03251.jpg,143
03638.jpg,27
03994.jpg,143
04246.jpg,143
04452.jpg,166
04502.jpg,143
04565.jpg,143
04596.jpg,143
04606.jpg,143
04629.jpg,143
05082.jpg,143
05112.jpg,143
05525.jpg,115
05578.jpg,139
05691.jpg,143
06129.jpg,84
06361.jpg,143
06726.jpg,139
06898.jpg,143
07161.jpg,143
07186.jpg,166
07254.jpg,156
07379.jpg,143
07437.jpg,143
07726.jpg,177
07745.jpg,143
08008.jpg,166
08077.jpg,190
00415.jpg,84
00751.jpg,84
00872.jpg,84
00922.jpg,84
01086.jpg,166
01116.jpg,128
01411.jpg,84
03211.jpg,84
03908.jpg,84
04979.jpg,84
05740.jpg,142
05932.jpg,162
06166.jpg,172
07925.jpg,84
08125.jpg,142
00020.jpg,142
00097.jpg,3
00354.jpg,142
00418.jpg,142
00816.jpg,3
00928.jpg,142
01316.jpg,142
01975.jpg,142
01984.jpg,162
02047.jpg,83
02134.jpg,162
02257.jpg,83
02276.jpg,142
02544.jpg,142
02654.jpg,66
02667.jpg,162
02713.jpg,142
02891.jpg,142
03606.jpg,128
03733.jpg,142
04302.jpg,3
04407.jpg,142
04437.jpg,89
04476.jpg,142
04875.jpg,142
05555.jpg,142
05969.jpg,113
06048.jpg,142
06284.jpg,3
06366.jpg,142
06684.jpg,142
06886.jpg,142
07068.jpg,142
07116.jpg,142
07425.jpg,142
07469.jpg,3
07831.jpg,142
08040.jpg,142
00138.jpg,128
00339.jpg,130
00386.jpg,66
00488.jpg,48
01004.jpg,128
01095.jpg,128
01133.jpg,48
01146.jpg,172
01707.jpg,128
01953.jpg,128
01956.jpg,172
02312.jpg,84
02695.jpg,84
02740.jpg,84
02836.jpg,128
02910.jpg,84
02994.jpg,84
03185.jpg,66
03291.jpg,66
03408.jpg,84
03541.jpg,84
03544.jpg,83
03559.jpg,86
03602.jpg,130
03615.jpg,66
03832.jpg,128
04002.jpg,53
04035.jpg,34
04041.jpg,55
04271.jpg,128
04360.jpg,130
04453.jpg,66
04896.jpg,162
05660.jpg,66
06270.jpg,84
06314.jpg,66
06355.jpg,128
06372.jpg,66
06757.jpg,128
07265.jpg,142
07405.jpg,66
07479.jpg,66
07484.jpg,84
07545.jpg,142
07876.jpg,48
07931.jpg,84
07954.jpg,130
00435.jpg,107
01147.jpg,141
01222.jpg,185
01679.jpg,185
02242.jpg,185
02316.jpg,107
02317.jpg,185
02439.jpg,185
02592.jpg,185
02609.jpg,185
02658.jpg,141
02862.jpg,141
03651.jpg,185
03777.jpg,62
03988.jpg,185
04058.jpg,185
04111.jpg,141
04189.jpg,107
05614.jpg,141
05739.jpg,185
06087.jpg,185
06125.jpg,185
06579.jpg,141
06643.jpg,141
07139.jpg,185
07152.jpg,185
07235.jpg,185
07237.jpg,141
07498.jpg,141
08049.jpg,141
00100.jpg,185
00114.jpg,185
00144.jpg,185
00577.jpg,185
00854.jpg,185
01114.jpg,141
01256.jpg,185
01544.jpg,185
01712.jpg,107
01745.jpg,141
01949.jpg,141
02268.jpg,141
02564.jpg,185
02672.jpg,185
03158.jpg,107
03377.jpg,178
03482.jpg,185
03699.jpg,185
03964.jpg,141
04624.jpg,141
05020.jpg,185
05032.jpg,141
05334.jpg,141
05472.jpg,141
06108.jpg,185
06357.jpg,185
06563.jpg,185
06647.jpg,141
06692.jpg,185
06856.jpg,185
06876.jpg,141
06971.jpg,185
07047.jpg,141
07097.jpg,141
08037.jpg,178
00142.jpg,121
00714.jpg,121
00849.jpg,121
00997.jpg,121
01071.jpg,121
01622.jpg,121
01702.jpg,121
01752.jpg,121
02200.jpg,121
02388.jpg,121
02633.jpg,121
02746.jpg,121
03023.jpg,121
03032.jpg,121
03048.jpg,121
03060.jpg,121
03236.jpg,43
03891.jpg,121
03933.jpg,121
04113.jpg,121
05218.jpg,121
05262.jpg,121
05569.jpg,19
05600.jpg,121
05646.jpg,121
05786.jpg,121
06167.jpg,121
06667.jpg,121
06779.jpg,121
06917.jpg,121
06925.jpg,60
07110.jpg,121
07122.jpg,121
07165.jpg,121
07325.jpg,121
07499.jpg,60
08108.jpg,121
00103.jpg,139
00227.jpg,153
00245.jpg,188
00282.jpg,139
00492.jpg,139
00529.jpg,139
00654.jpg,117
00661.jpg,139
00676.jpg,117
00745.jpg,117
00769.jpg,117
00831.jpg,139
00965.jpg,153
00968.jpg,139
01033.jpg,139
01062.jpg,188
02140.jpg,102
02436.jpg,139
02517.jpg,139
02575.jpg,139
02744.jpg,139
02804.jpg,188
02909.jpg,139
02990.jpg,117
03217.jpg,139
03597.jpg,153
03737.jpg,188
03831.jpg,139
03918.jpg,177
04201.jpg,8
04267.jpg,110
04440.jpg,139
04589.jpg,139
05013.jpg,117
05179.jpg,139
05274.jpg,64
05338.jpg,139
05437.jpg,139
05833.jpg,117
06618.jpg,139
06693.jpg,117
06780.jpg,20
06807.jpg,117
00341.jpg,186
00520.jpg,153
00924.jpg,153
01318.jpg,59
01326.jpg,153
01397.jpg,117
01731.jpg,115
01881.jpg,19
01961.jpg,153
02308.jpg,186
02442.jpg,186
02502.jpg,70
02590.jpg,139
02603.jpg,153
03085.jpg,153
03352.jpg,121
03355.jpg,153
03411.jpg,153
03484.jpg,183
03656.jpg,183
03998.jpg,183
04124.jpg,5
04350.jpg,186
04591.jpg,67
04626.jpg,117
04879.jpg,190
05034.jpg,117
06032.jpg,5
06165.jpg,153
06444.jpg,110
06469.jpg,153
06512.jpg,153
06802.jpg,153
06834.jpg,136
07432.jpg,186
07563.jpg,153
07713.jpg,115
07780.jpg,0
08119.jpg,135
00018.jpg,188
00161.jpg,120
00312.jpg,188
00419.jpg,188
00429.jpg,188
00728.jpg,188
00905.jpg,139
00925.jpg,39
01042.jpg,8
01087.jpg,139
01169.jpg,57
01341.jpg,188
01391.jpg,153
01542.jpg,188
01785.jpg,188
02207.jpg,188
02783.jpg,188
02876.jpg,64
03216.jpg,43
03343.jpg,188
03652.jpg,188
03934.jpg,188
04032.jpg,188
04080.jpg,188
04221.jpg,177
04259.jpg,188
04718.jpg,39
05008.jpg,188
05235.jpg,43
05378.jpg,30
05724.jpg,188
05781.jpg,188
06033.jpg,8
06178.jpg,39
06273.jpg,188
06525.jpg,188
06535.jpg,188
07166.jpg,188
07481.jpg,188
07622.jpg,57
07756.jpg,188
07802.jpg,188
07809.jpg,188
07824.jpg,120
08035.jpg,188
00212.jpg,139
00215.jpg,139
00540.jpg,143
00564.jpg,139
01274.jpg,139
01599.jpg,57
01605.jpg,139
01963.jpg,22
02091.jpg,177
02459.jpg,143
02683.jpg,166
02726.jpg,177
02865.jpg,73
02884.jpg,144
02927.jpg,115
02939.jpg,139
03028.jpg,144
03130.jpg,188
03231.jpg,92
03465.jpg,139
03904.jpg,139
03946.jpg,144
04009.jpg,139
04285.jpg,57
04368.jpg,139
04539.jpg,143
04685.jpg,139
04891.jpg,66
04936.jpg,177
04943.jpg,166
05000.jpg,139
05788.jpg,139
05882.jpg,139
05949.jpg,153
06139.jpg,53
06438.jpg,144
06612.jpg,117
06747.jpg,139
06772.jpg,139
06810.jpg,139
06880.jpg,177
07036.jpg,188
07205.jpg,139
07541.jpg,143
07548.jpg,139
00360.jpg,154
00669.jpg,154
00874.jpg,123
01009.jpg,123
01029.jpg,133
01325.jpg,133
01419.jpg,154
01432.jpg,133
01477.jpg,154
01690.jpg,154
01874.jpg,104
01921.jpg,192
01938.jpg,104
01967.jpg,170
02034.jpg,154
02142.jpg,104
02295.jpg,123
02597.jpg,176
02976.jpg,154
03261.jpg,154
03632.jpg,104
03685.jpg,133
04104.jpg,169
04163.jpg,133
04610.jpg,133
04625.jpg,133
04678.jpg,123
04845.jpg,123
05174.jpg,133
05449.jpg,192
05451.jpg,123
05479.jpg,133
05810.jpg,193
06029.jpg,133
06116.jpg,104
06502.jpg,154
06547.jpg,123
06592.jpg,133
06946.jpg,192
07406.jpg,192
07680.jpg,133
07980.jpg,169
07999.jpg,123
00104.jpg,6
00268.jpg,6
00722.jpg,176
01230.jpg,192
01309.jpg,123
01327.jpg,6
01430.jpg,6
01649.jpg,133
01694.jpg,155
01941.jpg,123
02125.jpg,6
02212.jpg,192
02365.jpg,123
02840.jpg,6
02859.jpg,6
02912.jpg,123
03020.jpg,123
03117.jpg,123
03526.jpg,192
03752.jpg,192
03856.jpg,193
03862.jpg,6
03906.jpg,6
04187.jpg,6
04234.jpg,123
04622.jpg,123
04721.jpg,6
04898.jpg,6
05808.jpg,6
05842.jpg,192
06044.jpg,6
06180.jpg,123
06268.jpg,123
06356.jpg,123
06848.jpg,6
07245.jpg,6
07328.jpg,192
07361.jpg,192
07395.jpg,6
07525.jpg,123
07852.jpg,123
07863.jpg,6
07904.jpg,6
07911.jpg,6
00174.jpg,6
00379.jpg,192
00536.jpg,6
00626.jpg,6
01032.jpg,6
01125.jpg,6
02014.jpg,192
02792.jpg,6
03083.jpg,104
04478.jpg,6
05332.jpg,123
06060.jpg,6
06514.jpg,123
06611.jpg,12
07075.jpg,6
07194.jpg,148
08062.jpg,6
08094.jpg,6
00322.jpg,123
00406.jpg,6
00597.jpg,192
00615.jpg,6
00876.jpg,6
00957.jpg,6
01546.jpg,6
01808.jpg,6
02079.jpg,123
02097.jpg,123
02265.jpg,6
02640.jpg,123
02775.jpg,123
02808.jpg,123
02842.jpg,123
02871.jpg,123
02903.jpg,6
02934.jpg,6
02946.jpg,123
03516.jpg,123
03614.jpg,6
03695.jpg,6
04408.jpg,6
04638.jpg,6
04711.jpg,6
04993.jpg,6
05213.jpg,6
05305.jpg,6
05416.jpg,6
05571.jpg,6
05984.jpg,6
06055.jpg,123
06091.jpg,6
06176.jpg,123
06466.jpg,155
06864.jpg,123
07035.jpg,6
07212.jpg,123
07387.jpg,123
07534.jpg,123
07626.jpg,192
07871.jpg,123
08080.jpg,123
08117.jpg,6
00264.jpg,123
00273.jpg,6
00595.jpg,123
00645.jpg,123
00748.jpg,6
01060.jpg,123
01074.jpg,192
01612.jpg,192
01736.jpg,123
01884.jpg,6
01905.jpg,123
02230.jpg,123
03062.jpg,123
03320.jpg,123
03359.jpg,6
03539.jpg,192
03612.jpg,185
03680.jpg,123
03959.jpg,6
04307.jpg,123
04439.jpg,123
04799.jpg,123
05221.jpg,123
05222.jpg,123
05231.jpg,123
05269.jpg,185
05447.jpg,6
06064.jpg,192
06456.jpg,123
06537.jpg,6
06541.jpg,6
06640.jpg,123
07019.jpg,6
07256.jpg,6
07321.jpg,123
07664.jpg,6
07868.jpg,107
07963.jpg,6
00209.jpg,189
00346.jpg,151
00387.jpg,189
00601.jpg,189
00725.jpg,174
00820.jpg,75
00829.jpg,73
00995.jpg,136
01190.jpg,136
01654.jpg,157
01827.jpg,189
02022.jpg,157
02619.jpg,32
02782.jpg,174
02882.jpg,43
02905.jpg,96
03035.jpg,32
03304.jpg,96
03351.jpg,90
03640.jpg,75
03666.jpg,136
03811.jpg,8
04097.jpg,96
04321.jpg,174
04326.jpg,32
04370.jpg,129
04506.jpg,32
04723.jpg,174
04738.jpg,96
04768.jpg,189
05141.jpg,102
05216.jpg,43
05328.jpg,126
05630.jpg,136
05759.jpg,190
05844.jpg,32
05945.jpg,194
05993.jpg,65
07077.jpg,16
07302.jpg,194
07514.jpg,32
07614.jpg,189
08074.jpg,43
08075.jpg,136
00328.jpg,163
00694.jpg,107
00823.jpg,52
00909.jpg,163
00942.jpg,164
00978.jpg,152
01199.jpg,52
01459.jpg,164
02319.jpg,148
02354.jpg,52
02576.jpg,163
02763.jpg,104
02883.jpg,148
03135.jpg,104
03156.jpg,164
03401.jpg,148
03442.jpg,148
03701.jpg,107
03970.jpg,148
04008.jpg,148
04051.jpg,164
04372.jpg,107
04590.jpg,154
04821.jpg,60
05176.jpg,163
05743.jpg,148
06253.jpg,163
06767.jpg,67
06862.jpg,148
07150.jpg,163
07261.jpg,163
07349.jpg,163
07526.jpg,148
07861.jpg,148
07943.jpg,148
07969.jpg,163
08070.jpg,123
00181.jpg,169
00779.jpg,11
00812.jpg,169
00967.jpg,169
02060.jpg,11
02121.jpg,169
02205.jpg,169
02296.jpg,169
02299.jpg,169
02347.jpg,169
02486.jpg,155
02503.jpg,169
02854.jpg,169
03426.jpg,152
03604.jpg,148
03724.jpg,169
03763.jpg,169
03800.jpg,169
03896.jpg,169
03961.jpg,195
04249.jpg,104
04707.jpg,169
05168.jpg,169
05317.jpg,169
05439.jpg,169
05595.jpg,169
05832.jpg,169
05942.jpg,148
05991.jpg,169
06050.jpg,169
06066.jpg,148
06321.jpg,169
06459.jpg,21
06765.jpg,169
07085.jpg,169
07138.jpg,169
07587.jpg,155
07676.jpg,152
07784.jpg,169
07907.jpg,169
00010.jpg,157
00135.jpg,136
00307.jpg,112
00359.jpg,136
00383.jpg,112
00486.jpg,129
00569.jpg,102
00620.jpg,136
00692.jpg,106
00739.jpg,136
00840.jpg,60
00998.jpg,136
00999.jpg,136
01300.jpg,136
01364.jpg,103
02082.jpg,106
02098.jpg,136
02215.jpg,106
02402.jpg,136
02432.jpg,136
02643.jpg,102
02795.jpg,102
02821.jpg,136
02942.jpg,136
03154.jpg,136
03483.jpg,157
03624.jpg,106
03826.jpg,136
03845.jpg,136
04137.jpg,106
04182.jpg,106
04264.jpg,136
04310.jpg,136
04394.jpg,136
04463.jpg,112
05140.jpg,136
05446.jpg,102
05672.jpg,102
05936.jpg,106
06120.jpg,136
06307.jpg,102
06354.jpg,136
06508.jpg,102
07167.jpg,17
00021.jpg,156
00127.jpg,5
00444.jpg,179
00612.jpg,179
00783.jpg,110
01057.jpg,117
01487.jpg,179
01538.jpg,179
01746.jpg,179
02248.jpg,179
02415.jpg,115
02675.jpg,168
02849.jpg,110
03282.jpg,115
03784.jpg,179
03962.jpg,179
04027.jpg,179
04050.jpg,166
04275.jpg,145
04309.jpg,168
04346.jpg,179
04409.jpg,179
04429.jpg,165
04786.jpg,156
05015.jpg,191
05080.jpg,110
05178.jpg,166
05214.jpg,165
05516.jpg,179
05559.jpg,168
05628.jpg,115
05745.jpg,168
06140.jpg,34
06666.jpg,179
06690.jpg,179
06882.jpg,179
06938.jpg,68
06944.jpg,115
07334.jpg,115
07411.jpg,179
07416.jpg,165
07502.jpg,166
07519.jpg,115
07561.jpg,115
07643.jpg,115
07714.jpg,179
07734.jpg,86
08047.jpg,168
08107.jpg,38
00147.jpg,159
00588.jpg,67
00630.jpg,28
01651.jpg,167
01802.jpg,7
01895.jpg,7
01904.jpg,7
01906.jpg,7
02661.jpg,7
02879.jpg,7
02881.jpg,7
03669.jpg,7
03696.jpg,7
03792.jpg,7
04175.jpg,7
04381.jpg,7
04688.jpg,167
04772.jpg,7
05728.jpg,7
06146.jpg,7
06332.jpg,138
06447.jpg,159
06590.jpg,7
06650.jpg,7
06940.jpg,7
07998.jpg,159
00413.jpg,124
00532.jpg,3
00593.jpg,124
00611.jpg,124
00668.jpg,33
00720.jpg,57
00948.jpg,124
01278.jpg,124
01359.jpg,33
01367.jpg,124
01437.jpg,1
01572.jpg,124
01577.jpg,166
01606.jpg,124
01689.jpg,124
01743.jpg,144
02224.jpg,124
02473.jpg,58
02537.jpg,124
02543.jpg,124
03514.jpg,179
04204.jpg,124
04797.jpg,124
05118.jpg,124
05470.jpg,49
05866.jpg,124
05885.jpg,124
06132.jpg,1
06218.jpg,124
06410.jpg,29
06503.jpg,124
06738.jpg,115
06763.jpg,124
06959.jpg,124
06985.jpg,58
06999.jpg,145
07046.jpg,1
07190.jpg,124
07310.jpg,30
07497.jpg,124
07564.jpg,1
07803.jpg,124
08038.jpg,124
00496.jpg,51
00955.jpg,121
01069.jpg,51
01219.jpg,51
01307.jpg,50
01556.jpg,51
01673.jpg,51
01823.jpg,51
02559.jpg,51
02596.jpg,51
02624.jpg,51
02709.jpg,33
02856.jpg,121
02981.jpg,43
03249.jpg,121
03331.jpg,51
03657.jpg,73
04015.jpg,51
04043.jpg,51
04053.jpg,51
04167.jpg,51
04238.jpg,51
04602.jpg,58
04620.jpg,121
04643.jpg,51
04695.jpg,75
05335.jpg,51
05524.jpg,175
05658.jpg,121
05667.jpg,51
05762.jpg,51
06084.jpg,51
06103.jpg,51
06137.jpg,51
06657.jpg,73
07120.jpg,51
07264.jpg,51
07267.jpg,51
07429.jpg,121
07700.jpg,58
07735.jpg,51
07787.jpg,51
07801.jpg,121
07913.jpg,51
08100.jpg,59
00195.jpg,144
00218.jpg,124
00485.jpg,30
00604.jpg,122
00863.jpg,33
01241.jpg,124
01971.jpg,124
02016.jpg,33
02075.jpg,124
02077.jpg,57
02306.jpg,63
02533.jpg,124
02570.jpg,33
02614.jpg,33
02785.jpg,144
02898.jpg,124
02933.jpg,124
03034.jpg,98
03106.jpg,144
03194.jpg,9
03373.jpg,124
03850.jpg,122
03944.jpg,117
04049.jpg,166
04116.jpg,156
04227.jpg,124
04377.jpg,156
04405.jpg,124
04512.jpg,144
04858.jpg,124
05070.jpg,33
05681.jpg,124
05715.jpg,124
05767.jpg,124
05996.jpg,124
06010.jpg,183
06147.jpg,124
06490.jpg,124
07763.jpg,93
07842.jpg,124
07953.jpg,33
00821.jpg,93
00837.jpg,191
00877.jpg,67
01063.jpg,182
01152.jpg,182
01559.jpg,182
01795.jpg,181
01796.jpg,28
01816.jpg,160
01888.jpg,191
01925.jpg,181
01939.jpg,191
01946.jpg,182
01965.jpg,67
02536.jpg,160
02538.jpg,191
02637.jpg,181
02855.jpg,182
03448.jpg,191
03450.jpg,191
04150.jpg,135
04194.jpg,182
04260.jpg,182
04270.jpg,8
05074.jpg,191
05488.jpg,181
05764.jpg,17
05911.jpg,182
06025.jpg,191
06231.jpg,182
06346.jpg,182
06534.jpg,191
07070.jpg,67
07074.jpg,182
07104.jpg,191
07123.jpg,160
07326.jpg,191
08140.jpg,103
00768.jpg,46
01047.jpg,177
02023.jpg,46
02639.jpg,177
02648.jpg,46
03234.jpg,46
03453.jpg,177
03992.jpg,64
03999.jpg,46
04468.jpg,177
04489.jpg,46
04525.jpg,46
04967.jpg,46
05493.jpg,46
05593.jpg,139
05665.jpg,177
06220.jpg,46
06245.jpg,177
06762.jpg,46
06790.jpg,46
06901.jpg,177
07283.jpg,46
07973.jpg,46
07979.jpg,33
00232.jpg,93
00459.jpg,93
00500.jpg,137
00624.jpg,137
00663.jpg,126
01229.jpg,137
01262.jpg,93
01418.jpg,93
01704.jpg,93
01799.jpg,126
01943.jpg,93
01969.jpg,126
02545.jpg,93
02579.jpg,93
02585.jpg,126
02611.jpg,126
02668.jpg,137
02751.jpg,93
03268.jpg,126
03280.jpg,93
03415.jpg,93
03565.jpg,93
03650.jpg,137
03712.jpg,126
03858.jpg,126
04045.jpg,126
04069.jpg,126
04831.jpg,126
05531.jpg,93
05536.jpg,93
05554.jpg,126
05598.jpg,126
06097.jpg,93
06468.jpg,126
06506.jpg,93
06868.jpg,126
06881.jpg,126
07371.jpg,93
07381.jpg,93
07453.jpg,93
07645.jpg,93
07737.jpg,126
00115.jpg,126
00306.jpg,93
01020.jpg,93
01616.jpg,126
01682.jpg,93
02479.jpg,191
02689.jpg,93
02716.jpg,93
02991.jpg,126
03205.jpg,93
03899.jpg,93
04079.jpg,93
04118.jpg,126
05184.jpg,126
06172.jpg,93
06353.jpg,93
06477.jpg,93
06596.jpg,93
06731.jpg,93
07216.jpg,93
07247.jpg,93
07604.jpg,93
00423.jpg,8
01903.jpg,8
01958.jpg,8
02389.jpg,8
02409.jpg,8
03252.jpg,8
03336.jpg,8
03384.jpg,8
03681.jpg,8
04462.jpg,8
04793.jpg,8
04903.jpg,8
05102.jpg,8
05500.jpg,8
05752.jpg,8
05871.jpg,8
05888.jpg,8
07355.jpg,8
07378.jpg,8
07474.jpg,8
07565.jpg,8
08135.jpg,8
00188.jpg,101
00207.jpg,101
00469.jpg,87
01058.jpg,101
01093.jpg,101
01439.jpg,177
01545.jpg,152
01576.jpg,101
01685.jpg,101
01804.jpg,101
02281.jpg,101
02569.jpg,101
02719.jpg,101
02825.jpg,101
03047.jpg,101
03082.jpg,101
03391.jpg,101
03395.jpg,101
03902.jpg,101
04021.jpg,162
04042.jpg,101
04477.jpg,101
04592.jpg,27
05111.jpg,101
05190.jpg,101
05403.jpg,101
05497.jpg,101
05610.jpg,101
05792.jpg,101
06022.jpg,101
06086.jpg,101
06424.jpg,101
07370.jpg,101
07602.jpg,101
07836.jpg,101
07898.jpg,101
07899.jpg,101
07981.jpg,179
07983.jpg,101
00038.jpg,179
00054.jpg,143
01153.jpg,166
01377.jpg,85
01421.jpg,85
01526.jpg,101
02040.jpg,85
02371.jpg,85
02574.jpg,85
02646.jpg,179
02651.jpg,101
03096.jpg,101
03160.jpg,101
03522.jpg,85
03746.jpg,122
03807.jpg,84
04046.jpg,187
04092.jpg,85
04352.jpg,163
04485.jpg,149
04522.jpg,101
04914.jpg,85
05056.jpg,101
05201.jpg,166
05301.jpg,85
05580.jpg,101
05765.jpg,144
05768.jpg,85
05879.jpg,179
06323.jpg,85
06383.jpg,179
06488.jpg,177
06903.jpg,85
07030.jpg,85
07105.jpg,137
07107.jpg,101
07209.jpg,179
07488.jpg,101
07555.jpg,85
07559.jpg,85
07624.jpg,20
08112.jpg,166
00008.jpg,85
01155.jpg,85
01721.jpg,85
02038.jpg,187
02472.jpg,85
02523.jpg,85
03397.jpg,85
03745.jpg,32
04283.jpg,85
04541.jpg,179
04543.jpg,85
04776.jpg,85
04878.jpg,85
05953.jpg,179
07012.jpg,85
07621.jpg,85
07832.jpg,85
07912.jpg,101
00003.jpg,133
00051.jpg,133
00287.jpg,123
00628.jpg,154
00774.jpg,123
00879.jpg,192
00884.jpg,192
01044.jpg,133
01414.jpg,133
01452.jpg,104
01835.jpg,133
02132.jpg,123
02225.jpg,123
02448.jpg,123
02455.jpg,133
02877.jpg,133
03000.jpg,154
03040.jpg,123
03072.jpg,154
03295.jpg,133
03683.jpg,133
03691.jpg,123
03730.jpg,154
03851.jpg,192
04025.jpg,133
04026.jpg,133
04037.jpg,133
04340.jpg,133
04341.jpg,133
04373.jpg,192
04837.jpg,133
05348.jpg,123
05813.jpg,133
05826.jpg,133
06359.jpg,133
06913.jpg,133
06937.jpg,123
07539.jpg,133
07818.jpg,133
00059.jpg,123
00202.jpg,133
00483.jpg,133
00682.jpg,133
01137.jpg,133
01212.jpg,133
01766.jpg,133
01837.jpg,133
02012.jpg,133
02622.jpg,167
02761.jpg,133
02790.jpg,133
03078.jpg,167
03132.jpg,167
03420.jpg,133
03577.jpg,133
03984.jpg,133
04157.jpg,133
04420.jpg,133
04598.jpg,133
04888.jpg,133
05003.jpg,133
05046.jpg,133
05496.jpg,133
05575.jpg,104
05653.jpg,133
05723.jpg,104
05960.jpg,192
05989.jpg,133
06019.jpg,133
06248.jpg,133
06564.jpg,133
06691.jpg,133
06711.jpg,133
06796.jpg,133
07044.jpg,133
07260.jpg,133
07552.jpg,133
07556.jpg,133
07660.jpg,133
08090.jpg,192
00705.jpg,7
00754.jpg,195
00915.jpg,134
00951.jpg,152
01258.jpg,28
01260.jpg,7
01532.jpg,7
01701.jpg,167
01784.jpg,7
01801.jpg,99
02070.jpg,103
02269.jpg,181
02679.jpg,138
02829.jpg,7
02935.jpg,181
03017.jpg,138
03105.jpg,7
03110.jpg,138
03129.jpg,60
03444.jpg,7
03649.jpg,138
04162.jpg,60
04393.jpg,181
04425.jpg,138
04784.jpg,138
04835.jpg,7
04890.jpg,7
05194.jpg,7
05252.jpg,181
05253.jpg,137
05851.jpg,7
06312.jpg,7
06319.jpg,195
06750.jpg,181
07021.jpg,7
07317.jpg,138
07331.jpg,159
07344.jpg,181
07447.jpg,99
07644.jpg,7
07785.jpg,138
07855.jpg,7
07883.jpg,181
07923.jpg,181
07967.jpg,104
08091.jpg,138
00284.jpg,94
01188.jpg,94
01288.jpg,94
01339.jpg,94
01547.jpg,94
02601.jpg,94
02729.jpg,94
03869.jpg,94
03897.jpg,94
04102.jpg,94
04700.jpg,94
04889.jpg,94
05103.jpg,94
05227.jpg,24
05550.jpg,94
05799.jpg,94
06461.jpg,94
07332.jpg,105
07430.jpg,94
07762.jpg,94
08050.jpg,94
00007.jpg,173
00132.jpg,173
00349.jpg,94
00463.jpg,173
00585.jpg,94
00618.jpg,182
01259.jpg,93
01497.jpg,173
02100.jpg,173
02440.jpg,126
02522.jpg,136
02531.jpg,173
02638.jpg,174
02853.jpg,173
02963.jpg,173
03187.jpg,94
03520.jpg,173
03600.jpg,126
03630.jpg,126
03837.jpg,173
04161.jpg,173
04919.jpg,126
05291.jpg,173
05562.jpg,173
05566.jpg,126
05716.jpg,93
05784.jpg,191
05791.jpg,126
05825.jpg,173
05927.jpg,126
06062.jpg,173
06073.jpg,126
06187.jpg,126
06200.jpg,173
06460.jpg,94
06548.jpg,173
06803.jpg,94
06993.jpg,126
07020.jpg,173
07229.jpg,173
07249.jpg,126
07297.jpg,173
07485.jpg,173
07947.jpg,126
00470.jpg,85
00567.jpg,179
00806.jpg,166
00917.jpg,163
00973.jpg,166
01082.jpg,163
01371.jpg,126
01928.jpg,158
01964.jpg,137
02017.jpg,39
02251.jpg,163
02339.jpg,163
03073.jpg,179
03207.jpg,115
03387.jpg,138
03536.jpg,101
03803.jpg,135
03833.jpg,126
04616.jpg,163
05142.jpg,137
05209.jpg,163
05384.jpg,137
05822.jpg,137
05978.jpg,68
06018.jpg,163
06121.jpg,166
06280.jpg,163
06334.jpg,163
06599.jpg,43
06735.jpg,166
06744.jpg,115
06828.jpg,166
06962.jpg,152
06996.jpg,179
07182.jpg,68
07242.jpg,126
07573.jpg,179
07656.jpg,137
07804.jpg,166
07869.jpg,68
00028.jpg,161
00149.jpg,161
00350.jpg,123
00414.jpg,161
00495.jpg,161
00542.jpg,104
00673.jpg,161
00693.jpg,161
00713.jpg,161
00846.jpg,104
01070.jpg,161
01102.jpg,161
01312.jpg,104
01345.jpg,123
01636.jpg,10
01683.jpg,10
01947.jpg,170
02074.jpg,161
02294.jpg,161
02398.jpg,185
02453.jpg,161
02494.jpg,181
02518.jpg,104
02599.jpg,161
02684.jpg,138
02893.jpg,161
02938.jpg,161
03171.jpg,161
03220.jpg,104
03443.jpg,161
04318.jpg,161
04938.jpg,161
05004.jpg,161
05130.jpg,161
06156.jpg,161
06748.jpg,99
06888.jpg,161
07064.jpg,104
07087.jpg,161
07101.jpg,10
07380.jpg,161
07442.jpg,161
07631.jpg,161
00297.jpg,161
00314.jpg,161
00743.jpg,161
00761.jpg,161
00867.jpg,170
00979.jpg,161
01163.jpg,123
01378.jpg,104
01481.jpg,161
01732.jpg,123
01789.jpg,170
01836.jpg,193
01977.jpg,170
02135.jpg,161
02318.jpg,161
02396.jpg,192
02488.jpg,192
02512.jpg,104
02547.jpg,95
02610.jpg,123
03210.jpg,170
03305.jpg,161
03329.jpg,161
03505.jpg,192
03550.jpg,123
03551.jpg,133
03616.jpg,104
04245.jpg,104
04431.jpg,123
04950.jpg,123
05240.jpg,161
05682.jpg,104
05684.jpg,161
05831.jpg,170
06000.jpg,161
06209.jpg,114
06261.jpg,123
06339.jpg,161
06847.jpg,170
06931.jpg,161
06978.jpg,161
07591.jpg,170
08020.jpg,123
08092.jpg,123
00108.jpg,62
00224.jpg,62
00401.jpg,178
00502.jpg,62
00737.jpg,62
00781.jpg,62
00868.jpg,62
01040.jpg,62
01113.jpg,62
01171.jpg,62
01311.jpg,62
01440.jpg,62
01541.jpg,178
01788.jpg,62
02383.jpg,62
02483.jpg,62
02557.jpg,62
02732.jpg,62
03056.jpg,62
03328.jpg,62
03363.jpg,62
04062.jpg,62
04074.jpg,62
04225.jpg,62
04467.jpg,62
04728.jpg,178
05041.jpg,62
05243.jpg,107
05342.jpg,62
05476.jpg,62
05937.jpg,62
06134.jpg,185
06271.jpg,62
06297.jpg,62
06320.jpg,62
06360.jpg,62
06448.jpg,62
06554.jpg,62
07342.jpg,62
07781.jpg,62
00606.jpg,146
02429.jpg,47
02710.jpg,47
02838.jpg,47
02869.jpg,47
02917.jpg,47
03264.jpg,177
03270.jpg,47
03786.jpg,47
04297.jpg,47
04331.jpg,139
04528.jpg,47
04902.jpg,177
05061.jpg,47
05509.jpg,128
06083.jpg,47
06216.jpg,8
06306.jpg,47
06327.jpg,47
06694.jpg,64
07091.jpg,47
07482.jpg,47
00223.jpg,86
00380.jpg,86
01611.jpg,86
02384.jpg,86
03027.jpg,86
04255.jpg,86
05508.jpg,86
06478.jpg,86
07412.jpg,86
08030.jpg,86
00272.jpg,59
00677.jpg,59
01014.jpg,59
01525.jpg,3
01660.jpg,58
01886.jpg,59
01889.jpg,59
02216.jpg,59
02731.jpg,46
02828.jpg,43
03159.jpg,43
03182.jpg,59
03196.jpg,59
03293.jpg,59
03635.jpg,59
03707.jpg,75
03741.jpg,75
04055.jpg,143
04256.jpg,75
04261.jpg,3
04329.jpg,59
04402.jpg,59
04664.jpg,120
04752.jpg,59
04770.jpg,43
05051.jpg,46
05239.jpg,59
05427.jpg,59
05782.jpg,189
06014.jpg,59
06289.jpg,59
06986.jpg,59
07243.jpg,191
07909.jpg,75
00262.jpg,172
00801.jpg,26
00864.jpg,87
01926.jpg,89
01937.jpg,172
03046.jpg,172
03911.jpg,172
04687.jpg,87
04789.jpg,87
04844.jpg,87
05073.jpg,87
05591.jpg,87
05938.jpg,87
06688.jpg,87
06995.jpg,87
00036.jpg,172
00096.jpg,172
00293.jpg,87
00512.jpg,48
00860.jpg,172
00996.jpg,172
01101.jpg,172
01426.jpg,172
01516.jpg,172
01575.jpg,172
02199.jpg,87
02329.jpg,100
02568.jpg,158
02682.jpg,172
02760.jpg,26
02762.jpg,172
03350.jpg,172
04446.jpg,87
04523.jpg,87
04708.jpg,61
04743.jpg,172
04882.jpg,172
04910.jpg,172
05059.jpg,100
05170.jpg,172
05289.jpg,172
05303.jpg,172
05398.jpg,172
05638.jpg,172
05668.jpg,48
05874.jpg,172
05884.jpg,172
05957.jpg,172
06098.jpg,87
06221.jpg,128
06501.jpg,87
07128.jpg,172
07163.jpg,113
07198.jpg,172
07221.jpg,172
07466.jpg,128
07783.jpg,172
07870.jpg,172
00242.jpg,172
00861.jpg,172
01273.jpg,87
01862.jpg,172
02037.jpg,172
02057.jpg,172
02122.jpg,172
02158.jpg,172
02162.jpg,87
02346.jpg,84
02776.jpg,87
02861.jpg,172
03549.jpg,87
03572.jpg,172
03726.jpg,172
03978.jpg,172
04192.jpg,172
04232.jpg,9
04395.jpg,130
04430.jpg,172
04454.jpg,172
04464.jpg,87
04545.jpg,172
04854.jpg,84
04906.jpg,172
04988.jpg,100
05298.jpg,25
05345.jpg,172
05461.jpg,172
05490.jpg,172
05805.jpg,122
06401.jpg,87
06558.jpg,9
06709.jpg,87
07043.jpg,172
07790.jpg,187
07829.jpg,130
07849.jpg,142
08093.jpg,172
00063.jpg,9
00782.jpg,100
00980.jpg,9
01011.jpg,9
02177.jpg,187
02328.jpg,9
02664.jpg,48
02767.jpg,9
02923.jpg,9
03907.jpg,9
03929.jpg,9
04110.jpg,43
04296.jpg,9
05236.jpg,91
05257.jpg,48
06384.jpg,9
06494.jpg,172
06648.jpg,172
06887.jpg,9
06910.jpg,25
06979.jpg,172
00039.jpg,48
00283.jpg,130
00489.jpg,48
01722.jpg,31
01934.jpg,113
01988.jpg,48
02552.jpg,48
03013.jpg,71
03563.jpg,48
03714.jpg,31
04262.jpg,48
04367.jpg,146
04575.jpg,48
04697.jpg,48
05136.jpg,48
05486.jpg,71
05651.jpg,71
05669.jpg,48
05922.jpg,48
05934.jpg,48
06182.jpg,48
06625.jpg,48
07060.jpg,53
07674.jpg,78
07840.jpg,71
08076.jpg,146
00084.jpg,193
00175.jpg,193
00949.jpg,154
00964.jpg,193
01191.jpg,193
01478.jpg,193
01562.jpg,193
01793.jpg,193
01831.jpg,193
01914.jpg,193
01920.jpg,193
02085.jpg,107
02211.jpg,193
02721.jpg,193
02880.jpg,193
03099.jpg,193
03120.jpg,193
04122.jpg,193
04233.jpg,193
04235.jpg,107
04842.jpg,193
05017.jpg,193
05363.jpg,193
05401.jpg,107
05507.jpg,193
05619.jpg,193
05656.jpg,178
05663.jpg,178
05693.jpg,107
05862.jpg,193
05933.jpg,193
05987.jpg,178
06255.jpg,178
06723.jpg,193
07023.jpg,193
07065.jpg,193
07918.jpg,193
08099.jpg,107
00077.jpg,157
00116.jpg,106
00197.jpg,106
00403.jpg,136
00826.jpg,136
01156.jpg,136
01448.jpg,93
01951.jpg,51
02345.jpg,106
02375.jpg,106
02659.jpg,106
02677.jpg,60
02743.jpg,106
02977.jpg,157
03146.jpg,151
03246.jpg,93
03306.jpg,140
03440.jpg,152
03556.jpg,106
03573.jpg,106
03643.jpg,152
03894.jpg,96
04144.jpg,106
04322.jpg,106
04513.jpg,136
04804.jpg,157
04828.jpg,174
04911.jpg,126
04947.jpg,136
05246.jpg,106
05617.jpg,157
05783.jpg,126
05859.jpg,136
06131.jpg,126
06420.jpg,160
06737.jpg,106
06824.jpg,151
06929.jpg,151
07032.jpg,136
07159.jpg,40
07390.jpg,136
07638.jpg,152
07830.jpg,106
00121.jpg,138
00480.jpg,138
00514.jpg,60
00518.jpg,138
00644.jpg,159
01117.jpg,138
01388.jpg,138
01410.jpg,99
01482.jpg,138
01927.jpg,138
02275.jpg,138
02485.jpg,138
02490.jpg,170
02508.jpg,181
02712.jpg,138
02759.jpg,138
02985.jpg,138
03108.jpg,68
03232.jpg,95
03378.jpg,159
03389.jpg,99
03552.jpg,159
04034.jpg,138
04199.jpg,138
04692.jpg,99
05229.jpg,191
05250.jpg,138
05433.jpg,138
05602.jpg,138
05612.jpg,138
06152.jpg,138
06189.jpg,138
06385.jpg,138
06419.jpg,138
06495.jpg,138
06629.jpg,99
06761.jpg,159
06963.jpg,138
07222.jpg,138
07224.jpg,163
07394.jpg,159
07475.jpg,138
07677.jpg,138
07686.jpg,138
07937.jpg,138
00061.jpg,138
00090.jpg,95
00214.jpg,161
00329.jpg,99
00493.jpg,193
00510.jpg,95
00715.jpg,99
00824.jpg,181
00842.jpg,95
01067.jpg,95
01215.jpg,95
01323.jpg,95
01555.jpg,95
01758.jpg,138
01897.jpg,138
02112.jpg,95
02170.jpg,138
02247.jpg,193
02578.jpg,95
02588.jpg,95
03061.jpg,170
03428.jpg,138
03725.jpg,138
03997.jpg,99
04063.jpg,95
04618.jpg,138
04648.jpg,95
04785.jpg,10
04863.jpg,138
05038.jpg,99
05159.jpg,95
05186.jpg,170
05495.jpg,99
05574.jpg,99
05649.jpg,138
06036.jpg,95
06057.jpg,99
06445.jpg,95
06499.jpg,193
06825.jpg,95
06878.jpg,95
06905.jpg,99
07143.jpg,95
07543.jpg,10
08079.jpg,138
00345.jpg,95
00832.jpg,114
01383.jpg,95
01686.jpg,99
01790.jpg,95
02093.jpg,99
02628.jpg,95
02805.jpg,99
02830.jpg,95
02846.jpg,95
03519.jpg,95
03870.jpg,170
04140.jpg,114
04585.jpg,99
04699.jpg,99
04928.jpg,95
05115.jpg,95
05223.jpg,95
05390.jpg,170
06133.jpg,95
06283.jpg,95
06293.jpg,138
06402.jpg,138
06967.jpg,99
07462.jpg,95
00338.jpg,10
00717.jpg,10
01280.jpg,10
02551.jpg,10
02644.jpg,107
02966.jpg,10
03176.jpg,10
03672.jpg,178
04607.jpg,10
05491.jpg,154
05910.jpg,10
06811.jpg,138
06817.jpg,10
00353.jpg,16
00427.jpg,194
00721.jpg,19
00811.jpg,194
01781.jpg,189
02133.jpg,194
02166.jpg,16
02226.jpg,194
02834.jpg,14
03018.jpg,189
03225.jpg,194
03229.jpg,16
03631.jpg,15
04036.jpg,189
04068.jpg,194
04290.jpg,14
04311.jpg,189
04419.jpg,194
04536.jpg,194
04571.jpg,194
04759.jpg,189
04985.jpg,189
05323.jpg,194
05362.jpg,16
05487.jpg,110
05697.jpg,13
05906.jpg,194
05980.jpg,194
06223.jpg,194
06382.jpg,194
07041.jpg,194
07117.jpg,69
07298.jpg,194
07327.jpg,19
07427.jpg,189
07446.jpg,194
07612.jpg,194
07705.jpg,194
07843.jpg,194
07955.jpg,194
08054.jpg,189
08113.jpg,194
08126.jpg,194
00356.jpg,39
00441.jpg,120
00523.jpg,120
00614.jpg,120
00703.jpg,120
00788.jpg,120
00974.jpg,120
00993.jpg,120
01296.jpg,120
01366.jpg,120
01465.jpg,8
01724.jpg,120
01855.jpg,120
01900.jpg,39
02008.jpg,102
02119.jpg,120
02581.jpg,139
02707.jpg,120
02757.jpg,33
02810.jpg,120
04064.jpg,120
04123.jpg,166
04507.jpg,79
04586.jpg,39
04722.jpg,120
04798.jpg,120
05005.jpg,120
05064.jpg,120
05065.jpg,139
05091.jpg,120
05377.jpg,120
05428.jpg,120
05474.jpg,33
05970.jpg,120
06164.jpg,15
06184.jpg,15
06619.jpg,120
06627.jpg,177
06760.jpg,120
06893.jpg,15
06912.jpg,120
07054.jpg,120
07240.jpg,177
07772.jpg,120
08066.jpg,64
00166.jpg,103
00452.jpg,167
00458.jpg,67
00526.jpg,103
00945.jpg,103
00960.jpg,103
01211.jpg,103
01773.jpg,103
01998.jpg,7
02498.jpg,103
02506.jpg,103
02615.jpg,103
02698.jpg,191
02724.jpg,167
02863.jpg,103
03380.jpg,103
03735.jpg,67
03744.jpg,103
03819.jpg,103
04000.jpg,103
04095.jpg,103
04179.jpg,103
04342.jpg,103
04670.jpg,191
04894.jpg,103
05108.jpg,103
05135.jpg,103
05655.jpg,102
06054.jpg,103
06106.jpg,167
06324.jpg,103
06428.jpg,103
06597.jpg,103
06649.jpg,103
06788.jpg,103
06890.jpg,109
06964.jpg,103
07079.jpg,103
07156.jpg,153
07162.jpg,103
07197.jpg,103
07589.jpg,103
07933.jpg,103
07995.jpg,103
00094.jpg,162
00336.jpg,162
00416.jpg,162
00994.jpg,162
01098.jpg,162
01351.jpg,185
01549.jpg,25
01779.jpg,162
01887.jpg,162
01923.jpg,165
02282.jpg,25
02380.jpg,162
02573.jpg,162
02591.jpg,85
02704.jpg,162
03053.jpg,162
03151.jpg,162
03192.jpg,162
03219.jpg,162
03524.jpg,162
03584.jpg,84
03622.jpg,113
03816.jpg,26
03867.jpg,162
04343.jpg,162
04496.jpg,55
04521.jpg,113
04617.jpg,162
05185.jpg,162
05313.jpg,162
05415.jpg,162
05846.jpg,162
06034.jpg,162
06074.jpg,25
06391.jpg,162
06544.jpg,128
06613.jpg,162
06615.jpg,162
06799.jpg,162
07239.jpg,162
07460.jpg,162
07613.jpg,162
07820.jpg,55
07837.jpg,25
08128.jpg,162
08143.jpg,162
00220.jpg,179
00280.jpg,166
00440.jpg,179
00538.jpg,145
00560.jpg,166
00800.jpg,97
00893.jpg,179
00947.jpg,166
01294.jpg,79
01628.jpg,165
01646.jpg,101
01873.jpg,8
01979.jpg,29
01982.jpg,165
02146.jpg,166
02167.jpg,166
02310.jpg,110
02348.jpg,165
02857.jpg,115
03029.jpg,166
03566.jpg,179
03861.jpg,180
03941.jpg,166
04230.jpg,165
04236.jpg,166
04317.jpg,101
04677.jpg,166
04796.jpg,166
04838.jpg,179
04916.jpg,166
04917.jpg,166
05099.jpg,124
05160.jpg,124
06148.jpg,179
06290.jpg,49
06310.jpg,165
07095.jpg,165
07098.jpg,165
07099.jpg,25
07270.jpg,179
07464.jpg,57
07516.jpg,179
07655.jpg,179
07905.jpg,166
07972.jpg,115
00067.jpg,193
00080.jpg,10
00226.jpg,170
00235.jpg,170
00468.jpg,170
00695.jpg,170
00741.jpg,7
00810.jpg,170
01055.jpg,170
01075.jpg,104
01238.jpg,99
01362.jpg,170
01398.jpg,185
01598.jpg,170
01765.jpg,170
01907.jpg,104
02053.jpg,104
02298.jpg,170
02333.jpg,170
02524.jpg,44
03118.jpg,185
03145.jpg,170
03223.jpg,170
03312.jpg,107
03488.jpg,114
04066.jpg,170
04100.jpg,170
04291.jpg,170
04397.jpg,170
04473.jpg,170
04829.jpg,170
04925.jpg,170
04999.jpg,170
05188.jpg,104
05196.jpg,154
05457.jpg,114
06609.jpg,170
07148.jpg,170
07158.jpg,95
07716.jpg,170
07813.jpg,193
07875.jpg,170
00109.jpg,129
00225.jpg,74
00301.jpg,191
00453.jpg,129
00491.jpg,129
00528.jpg,163
00575.jpg,129
00807.jpg,152
01143.jpg,39
01145.jpg,112
01220.jpg,191
01376.jpg,129
01583.jpg,129
01601.jpg,163
01626.jpg,129
01635.jpg,181
01849.jpg,129
01856.jpg,126
02361.jpg,102
02399.jpg,152
02700.jpg,191
03134.jpg,129
03189.jpg,129
03348.jpg,163
03375.jpg,129
03491.jpg,129
04024.jpg,129
04188.jpg,152
04222.jpg,126
04324.jpg,191
04518.jpg,69
05025.jpg,129
05901.jpg,129
05943.jpg,7
06336.jpg,40
06642.jpg,129
06749.jpg,137
06853.jpg,129
07266.jpg,129
07415.jpg,60
07738.jpg,129
07786.jpg,43
07794.jpg,163
08059.jpg,129
08063.jpg,129
00068.jpg,123
00095.jpg,192
00136.jpg,104
00178.jpg,192
00270.jpg,192
00541.jpg,104
00696.jpg,192
00907.jpg,123
01172.jpg,192
01174.jpg,192
01266.jpg,104
01454.jpg,154
01655.jpg,192
01869.jpg,104
01902.jpg,192
02196.jpg,123
02288.jpg,60
02466.jpg,141
03166.jpg,104
03309.jpg,192
03473.jpg,104
03789.jpg,192
03924.jpg,141
04147.jpg,192
04387.jpg,133
04504.jpg,192
04574.jpg,123
05166.jpg,123
05532.jpg,52
05704.jpg,104
05714.jpg,192
05925.jpg,141
06160.jpg,123
06256.jpg,192
06337.jpg,123
06446.jpg,141
06584.jpg,192
07183.jpg,123
07300.jpg,192
07776.jpg,133
00043.jpg,141
00169.jpg,107
00170.jpg,141
00216.jpg,107
00361.jpg,185
00498.jpg,185
00576.jpg,141
00672.jpg,185
00674.jpg,193
00776.jpg,141
00808.jpg,193
00862.jpg,185
01000.jpg,185
01041.jpg,185
01560.jpg,141
01668.jpg,185
01893.jpg,141
01912.jpg,107
02036.jpg,185
02290.jpg,193
02519.jpg,178
02548.jpg,185
02748.jpg,107
02818.jpg,185
02878.jpg,141
03095.jpg,185
03193.jpg,185
03318.jpg,141
03463.jpg,185
03497.jpg,141
03554.jpg,107
03954.jpg,185
04213.jpg,185
04214.jpg,107
04483.jpg,141
04558.jpg,185
04559.jpg,141
04647.jpg,141
04790.jpg,141
05035.jpg,185
05199.jpg,28
05318.jpg,141
05357.jpg,141
05383.jpg,185
05444.jpg,141
05664.jpg,141
05751.jpg,193
05806.jpg,185
05905.jpg,107
06053.jpg,141
06154.jpg,107
06437.jpg,185
06470.jpg,185
06481.jpg,185
06491.jpg,185
06540.jpg,185
06626.jpg,193
06754.jpg,185
06813.jpg,185
07153.jpg,178
07828.jpg,185
07906.jpg,141
07927.jpg,178
07985.jpg,141
08013.jpg,107
08025.jpg,107
08056.jpg,185
08131.jpg,185
00457.jpg,11
00857.jpg,11
02088.jpg,11
02460.jpg,11
02499.jpg,11
03967.jpg,11
04087.jpg,11
04200.jpg,11
04239.jpg,11
04564.jpg,11
04881.jpg,11
04992.jpg,11
05284.jpg,11
05319.jpg,11
05573.jpg,11
05590.jpg,11
05883.jpg,11
06201.jpg,11
07001.jpg,11
00023.jpg,152
00173.jpg,152
00296.jpg,164
00479.jpg,39
00777.jpg,148
00834.jpg,148
01456.jpg,164
01597.jpg,152
02035.jpg,152
02179.jpg,148
02297.jpg,163
02301.jpg,164
02394.jpg,164
02404.jpg,148
02690.jpg,163
03131.jpg,164
03155.jpg,104
03697.jpg,168
03971.jpg,152
03977.jpg,148
04705.jpg,163
04731.jpg,152
04749.jpg,163
04986.jpg,164
05100.jpg,164
05151.jpg,148
05155.jpg,164
05358.jpg,164
05375.jpg,152
05520.jpg,5
05913.jpg,152
06012.jpg,164
06039.jpg,163
06414.jpg,152
07010.jpg,164
07398.jpg,7
07422.jpg,152
07682.jpg,164
07685.jpg,169
07730.jpg,164
07757.jpg,148
07844.jpg,163
07950.jpg,148
00006.jpg,49
00316.jpg,49
00596.jpg,49
00609.jpg,49
01135.jpg,49
01424.jpg,49
01760.jpg,79
02089.jpg,49
02182.jpg,49
02781.jpg,49
03098.jpg,49
03365.jpg,49
03461.jpg,49
03955.jpg,49
04022.jpg,49
04047.jpg,49
04667.jpg,49
05254.jpg,49
05775.jpg,49
05976.jpg,49
06484.jpg,49
07315.jpg,49
07347.jpg,49
00186.jpg,12
00335.jpg,127
00381.jpg,127
00570.jpg,127
00662.jpg,127
01536.jpg,12
02031.jpg,114
02271.jpg,127
02482.jpg,12
02926.jpg,127
02962.jpg,127
03074.jpg,127
03097.jpg,12
03247.jpg,127
03319.jpg,127
03364.jpg,12
03481.jpg,12
03509.jpg,127
03796.jpg,127
03843.jpg,127
03863.jpg,127
04184.jpg,45
04481.jpg,12
04563.jpg,127
04748.jpg,12
05106.jpg,127
05242.jpg,127
05381.jpg,127
05526.jpg,127
05891.jpg,127
06153.jpg,12
06246.jpg,12
06263.jpg,127
06363.jpg,12
06407.jpg,127
06578.jpg,12
06601.jpg,12
06720.jpg,12
06875.jpg,127
06939.jpg,127
07303.jpg,127
07316.jpg,127
07708.jpg,12
07744.jpg,12
00060.jpg,127
01043.jpg,127
02049.jpg,123
02443.jpg,12
02920.jpg,12
03706.jpg,12
03798.jpg,12
04716.jpg,12
04862.jpg,12
04996.jpg,12
05205.jpg,12
05757.jpg,12
06118.jpg,12
06623.jpg,12
07271.jpg,12
07750.jpg,12
00204.jpg,88
00325.jpg,88
00363.jpg,88
00369.jpg,98
00983.jpg,88
01389.jpg,88
01637.jpg,97
02908.jpg,88
03407.jpg,88
03434.jpg,88
03501.jpg,187
04077.jpg,88
04662.jpg,88
05308.jpg,88
06219.jpg,110
06274.jpg,88
06493.jpg,187
07350.jpg,0
07508.jpg,98
07945.jpg,135
07952.jpg,88
07961.jpg,187
08120.jpg,110
00474.jpg,31
00504.jpg,88
00505.jpg,42
00699.jpg,160
00729.jpg,102
01025.jpg,160
02666.jpg,88
02944.jpg,190
02978.jpg,88
02986.jpg,175
03100.jpg,41
03495.jpg,160
03876.jpg,160
03885.jpg,102
04112.jpg,135
04400.jpg,102
04561.jpg,153
04605.jpg,102
04764.jpg,135
04843.jpg,190
04960.jpg,135
04984.jpg,71
05406.jpg,135
05712.jpg,17
05828.jpg,135
05853.jpg,19
05958.jpg,190
06090.jpg,135
06582.jpg,88
06724.jpg,0
07230.jpg,135
07443.jpg,88
07517.jpg,160
07521.jpg,0
07687.jpg,160
07695.jpg,190
07755.jpg,151
07962.jpg,41
08089.jpg,160
00309.jpg,160
00659.jpg,102
01017.jpg,96
01037.jpg,160
01267.jpg,160
01393.jpg,8
01429.jpg,191
01514.jpg,160
01863.jpg,102
01942.jpg,102
01986.jpg,191
02071.jpg,160
02178.jpg,160
02554.jpg,102
02733.jpg,102
03202.jpg,160
03322.jpg,160
03332.jpg,160
03729.jpg,96
03742.jpg,175
03836.jpg,160
03960.jpg,160
04471.jpg,96
04579.jpg,102
04977.jpg,160
04980.jpg,160
05244.jpg,102
05343.jpg,160
05372.jpg,160
05391.jpg,96
06041.jpg,160
06266.jpg,160
06533.jpg,102
06552.jpg,160
06607.jpg,57
06932.jpg,160
07072.jpg,160
07178.jpg,160
07284.jpg,160
07418.jpg,96
07597.jpg,160
00071.jpg,96
00524.jpg,96
00941.jpg,96
01727.jpg,96
02362.jpg,96
02430.jpg,96
03441.jpg,96
03815.jpg,96
04720.jpg,96
05207.jpg,96
05339.jpg,96
05863.jpg,59
05895.jpg,96
06398.jpg,96
06497.jpg,96
06806.jpg,96
07322.jpg,151
08072.jpg,96
00229.jpg,16
00680.jpg,16
01623.jpg,14
03569.jpg,16
03693.jpg,18
04633.jpg,16
05733.jpg,16
06992.jpg,16
07915.jpg,16
00290.jpg,14
00649.jpg,50
00688.jpg,50
01363.jpg,18
01692.jpg,50
01734.jpg,140
01955.jpg,50
02617.jpg,50
02943.jpg,50
03542.jpg,50
03583.jpg,50
04491.jpg,50
04683.jpg,146
04932.jpg,50
05198.jpg,50
05615.jpg,50
05727.jpg,32
05755.jpg,50
05898.jpg,50
06474.jpg,18
06686.jpg,50
07324.jpg,14
07330.jpg,50
00013.jpg,15
00133.jpg,15
00791.jpg,15
00819.jpg,15
00833.jpg,186
01899.jpg,15
01957.jpg,15
02414.jpg,124
02500.jpg,15
02750.jpg,153
02951.jpg,15
03705.jpg,15
03710.jpg,136
04158.jpg,15
04508.jpg,67
04535.jpg,15
04851.jpg,15
05523.jpg,15
06115.jpg,91
06288.jpg,15
06500.jpg,15
06987.jpg,64
07188.jpg,186
07268.jpg,18
00534.jpg,19
00539.jpg,189
00794.jpg,19
00813.jpg,19
01475.jpg,187
01822.jpg,19
02469.jpg,190
02754.jpg,19
03021.jpg,106
03912.jpg,189
04251.jpg,19
04474.jpg,19
04530.jpg,102
04937.jpg,19
05093.jpg,110
05356.jpg,189
05798.jpg,189
06070.jpg,19
06117.jpg,191
06408.jpg,19
06773.jpg,19
06877.jpg,189
06918.jpg,19
07033.jpg,19
07620.jpg,102
08045.jpg,19
00627.jpg,17
00671.jpg,17
00685.jpg,17
00704.jpg,17
01007.jpg,110
02137.jpg,117
02277.jpg,135
02463.jpg,102
03068.jpg,33
03388.jpg,50
03403.jpg,17
03663.jpg,17
03974.jpg,17
04593.jpg,17
05026.jpg,33
05299.jpg,17
06102.jpg,17
06745.jpg,17
06957.jpg,102
07368.jpg,50
07512.jpg,102
07886.jpg,17
07992.jpg,70
00107.jpg,151
00254.jpg,157
00310.jpg,173
00388.jpg,151
00395.jpg,151
00571.jpg,151
00629.jpg,102
00790.jpg,157
00883.jpg,157
01100.jpg,157
01279.jpg,151
01387.jpg,151
01528.jpg,151
01648.jpg,151
01693.jpg,151
01695.jpg,151
01742.jpg,151
02136.jpg,96
02765.jpg,151
03133.jpg,103
03667.jpg,151
04148.jpg,151
04684.jpg,157
04740.jpg,136
04964.jpg,151
04974.jpg,151
04987.jpg,151
04997.jpg,151
05044.jpg,151
05161.jpg,151
05400.jpg,151
05515.jpg,151
06325.jpg,97
06476.jpg,151
06968.jpg,157
07428.jpg,157
07436.jpg,94
07611.jpg,151
07662.jpg,151
07773.jpg,157
07942.jpg,151
08003.jpg,157
00026.jpg,14
00260.jpg,41
00850.jpg,14
01213.jpg,14
01738.jpg,14
02353.jpg,14
02560.jpg,14
02595.jpg,14
04907.jpg,14
06095.jpg,14
06347.jpg,14
06368.jpg,50
06669.jpg,14
06733.jpg,14
07323.jpg,88
07459.jpg,14
00240.jpg,135
00568.jpg,18
00582.jpg,88
00702.jpg,18
00911.jpg,18
01233.jpg,18
02238.jpg,50
03410.jpg,18
03702.jpg,18
03787.jpg,18
03889.jpg,18
04820.jpg,18
06065.jpg,18
06322.jpg,18
06454.jpg,50
06527.jpg,18
06562.jpg,18
06928.jpg,18
07357.jpg,50
08034.jpg,18
00234.jpg,194
00276.jpg,194
00827.jpg,140
00919.jpg,194
01050.jpg,194
01272.jpg,174
01737.jpg,194
01754.jpg,194
01830.jpg,194
01878.jpg,194
01917.jpg,194
02206.jpg,194
02278.jpg,194
02280.jpg,194
02511.jpg,194
02769.jpg,194
03142.jpg,194
03274.jpg,189
03279.jpg,14
03292.jpg,14
03834.jpg,194
04019.jpg,194
04257.jpg,194
04274.jpg,194
04413.jpg,190
04499.jpg,194
04788.jpg,194
04895.jpg,157
05060.jpg,194
05352.jpg,194
05466.jpg,194
05506.jpg,194
05689.jpg,13
05988.jpg,194
06351.jpg,194
06455.jpg,194
06522.jpg,194
06680.jpg,194
07287.jpg,194
07299.jpg,194
07420.jpg,194
07816.jpg,140
07864.jpg,194
08064.jpg,194
00507.jpg,13
01286.jpg,13
02895.jpg,61
04165.jpg,16
04198.jpg,13
04460.jpg,13
04503.jpg,13
04604.jpg,13
05037.jpg,13
05858.jpg,13
06043.jpg,13
06059.jpg,13
07723.jpg,13
00034.jpg,112
00079.jpg,106
00105.jpg,112
00113.jpg,112
00185.jpg,112
00377.jpg,112
00464.jpg,112
00625.jpg,112
00895.jpg,134
00986.jpg,112
01257.jpg,112
01368.jpg,134
01412.jpg,129
01669.jpg,112
02080.jpg,17
02148.jpg,151
02239.jpg,112
02555.jpg,112
02965.jpg,112
03260.jpg,129
03598.jpg,112
03688.jpg,112
03917.jpg,112
04114.jpg,112
04850.jpg,112
05137.jpg,112
05248.jpg,17
05812.jpg,73
06192.jpg,112
06194.jpg,112
06403.jpg,112
06487.jpg,112
06812.jpg,129
06922.jpg,157
06951.jpg,174
07015.jpg,112
07179.jpg,112
07189.jpg,64
07201.jpg,174
07208.jpg,136
07250.jpg,112
07434.jpg,112
00228.jpg,20
00385.jpg,130
00476.jpg,20
00787.jpg,20
00937.jpg,158
01170.jpg,20
01480.jpg,70
01503.jpg,20
02647.jpg,20
03183.jpg,20
03747.jpg,70
04017.jpg,20
04337.jpg,20
05238.jpg,20
05521.jpg,20
05676.jpg,70
06699.jpg,20
06936.jpg,20
07016.jpg,17
07063.jpg,20
07920.jpg,20
08023.jpg,20
01200.jpg,51
01221.jpg,94
03126.jpg,51
03956.jpg,51
04426.jpg,51
04524.jpg,51
04532.jpg,51
04557.jpg,51
05279.jpg,157
05829.jpg,51
05966.jpg,51
06681.jpg,51
07309.jpg,51
07352.jpg,51
07382.jpg,157
07595.jpg,51
00130.jpg,52
00191.jpg,52
00305.jpg,52
00443.jpg,133
01030.jpg,52
01263.jpg,52
01445.jpg,52
02126.jpg,52
02187.jpg,52
02476.jpg,52
02678.jpg,52
03587.jpg,52
03731.jpg,52
03926.jpg,169
04203.jpg,52
04466.jpg,52
06655.jpg,52
06789.jpg,52
06805.jpg,52
07337.jpg,52
07632.jpg,52
07795.jpg,52
08057.jpg,169
00555.jpg,100
00901.jpg,87
01119.jpg,53
01406.jpg,132
01446.jpg,130
01455.jpg,53
01744.jpg,122
01989.jpg,53
02487.jpg,43
02875.jpg,142
02907.jpg,130
03409.jpg,66
03743.jpg,53
03805.jpg,53
04081.jpg,53
04433.jpg,53
04751.jpg,78
04813.jpg,78
04926.jpg,53
05233.jpg,53
05311.jpg,128
06021.jpg,84
06238.jpg,87
06275.jpg,84
06617.jpg,53
01657.jpg,152
01764.jpg,54
02366.jpg,54
02720.jpg,54
02996.jpg,54
03255.jpg,152
03362.jpg,54
03489.jpg,54
03825.jpg,54
03921.jpg,152
04371.jpg,54
05149.jpg,54
06161.jpg,54
06349.jpg,54
06977.jpg,54
06990.jpg,54
07145.jpg,54
07218.jpg,24
07223.jpg,54
00916.jpg,24
01492.jpg,152
01769.jpg,164
01980.jpg,24
02064.jpg,24
02129.jpg,24
02327.jpg,24
02886.jpg,24
02930.jpg,24
03045.jpg,24
03116.jpg,24
03197.jpg,24
03627.jpg,24
03888.jpg,164
04391.jpg,24
05217.jpg,24
05455.jpg,24
05577.jpg,24
05690.jpg,24
06077.jpg,24
06100.jpg,24
06435.jpg,24
06822.jpg,24
06865.jpg,24
07641.jpg,24
07811.jpg,24
07872.jpg,24
08065.jpg,24
00119.jpg,23
00394.jpg,23
01223.jpg,23
02108.jpg,23
02747.jpg,23
02779.jpg,23
03966.jpg,23
04093.jpg,23
04134.jpg,21
04763.jpg,23
05627.jpg,23
05850.jpg,23
06331.jpg,23
06732.jpg,23
06753.jpg,23
06961.jpg,23
07088.jpg,23
07200.jpg,23
07318.jpg,23
07532.jpg,23
07771.jpg,23
07902.jpg,21
08039.jpg,12
00086.jpg,21
00344.jpg,21
00347.jpg,21
00621.jpg,21
01173.jpg,21
01305.jpg,22
02072.jpg,21
02174.jpg,21
02192.jpg,21
03580.jpg,21
03586.jpg,21
04044.jpg,21
05297.jpg,21
05776.jpg,21
06101.jpg,21
06452.jpg,21
06621.jpg,21
06725.jpg,21
06851.jpg,21
06855.jpg,21
07227.jpg,21
07504.jpg,21
07711.jpg,28
07753.jpg,21
00839.jpg,22
01154.jpg,22
01462.jpg,22
01621.jpg,22
01936.jpg,22
02021.jpg,22
02094.jpg,22
02390.jpg,22
02571.jpg,22
02652.jpg,22
03089.jpg,22
03528.jpg,22
04220.jpg,22
04273.jpg,22
04336.jpg,22
04354.jpg,22
04422.jpg,22
04656.jpg,22
05098.jpg,22
05551.jpg,22
05606.jpg,22
05736.jpg,22
06195.jpg,22
06908.jpg,22
07667.jpg,22
07719.jpg,22
00281.jpg,26
00727.jpg,27
00841.jpg,26
01196.jpg,26
01684.jpg,26
02084.jpg,26
02580.jpg,26
02657.jpg,26
02752.jpg,26
03414.jpg,26
03500.jpg,26
04406.jpg,27
05076.jpg,26
05157.jpg,26
05675.jpg,26
05973.jpg,26
06449.jpg,26
06721.jpg,61
07401.jpg,26
07473.jpg,25
07542.jpg,26
00521.jpg,55
00853.jpg,55
01090.jpg,55
01189.jpg,55
01499.jpg,55
01585.jpg,55
02117.jpg,55
02387.jpg,55
02446.jpg,55
02475.jpg,55
02806.jpg,55
03626.jpg,55
03775.jpg,55
03868.jpg,55
03983.jpg,55
04962.jpg,27
05264.jpg,55
05632.jpg,55
05876.jpg,55
07203.jpg,55
07658.jpg,55
08121.jpg,55
08132.jpg,55
00587.jpg,27
00822.jpg,27
00913.jpg,27
01013.jpg,27
01632.jpg,27
02083.jpg,27
02202.jpg,27
03122.jpg,27
03689.jpg,27
03753.jpg,27
04105.jpg,27
04517.jpg,27
04686.jpg,27
05107.jpg,27
05126.jpg,27
05530.jpg,27
05641.jpg,27
06413.jpg,27
07199.jpg,27
07467.jpg,27
07826.jpg,27
07891.jpg,27
00640.jpg,25
01066.jpg,25
01729.jpg,25
01846.jpg,25
02749.jpg,25
02786.jpg,25
02803.jpg,25
02925.jpg,146
03235.jpg,25
03810.jpg,25
03950.jpg,25
04159.jpg,25
04646.jpg,25
04805.jpg,25
05621.jpg,25
06186.jpg,25
06526.jpg,25
06652.jpg,25
06926.jpg,25
07531.jpg,25
08012.jpg,25
01024.jpg,56
01244.jpg,159
01254.jpg,191
01405.jpg,56
01740.jpg,56
01896.jpg,56
02542.jpg,152
03209.jpg,56
03381.jpg,56
03530.jpg,56
03801.jpg,56
03809.jpg,56
04298.jpg,56
04554.jpg,56
04846.jpg,56
05131.jpg,56
05277.jpg,56
05589.jpg,56
05880.jpg,56
05975.jpg,56
06884.jpg,56
07129.jpg,56
08069.jpg,56
00535.jpg,28
01243.jpg,28
01529.jpg,28
01602.jpg,28
02090.jpg,28
02408.jpg,28
02513.jpg,28
02960.jpg,28
03093.jpg,28
03546.jpg,28
03770.jpg,28
04320.jpg,141
04415.jpg,28
04421.jpg,28
04961.jpg,28
05139.jpg,28
05276.jpg,28
05365.jpg,28
05661.jpg,28
05687.jpg,28
06069.jpg,28
06975.jpg,28
07810.jpg,28
07991.jpg,28
08052.jpg,28
00304.jpg,57
00378.jpg,57
00665.jpg,57
00982.jpg,29
01235.jpg,177
01354.jpg,57
01495.jpg,57
01625.jpg,57
01771.jpg,57
02313.jpg,57
04623.jpg,57
04823.jpg,57
05014.jpg,57
05747.jpg,57
05793.jpg,57
06015.jpg,177
06301.jpg,57
06795.jpg,57
07515.jpg,57
07567.jpg,57
07627.jpg,57
07856.jpg,57
01350.jpg,58
02777.jpg,58
02817.jpg,58
03043.jpg,58
03369.jpg,58
04039.jpg,58
04301.jpg,75
04674.jpg,58
04781.jpg,58
05133.jpg,58
05230.jpg,58
05560.jpg,58
06198.jpg,58
07835.jpg,58
07959.jpg,58
00317.jpg,59
01505.jpg,59
01723.jpg,59
02197.jpg,59
02229.jpg,59
02501.jpg,59
03049.jpg,75
03173.jpg,59
03262.jpg,59
04130.jpg,75
04904.jpg,59
05409.jpg,75
06766.jpg,59
07124.jpg,59
07135.jpg,59
07374.jpg,59
07758.jpg,59
07944.jpg,59
00847.jpg,136
01096.jpg,60
01231.jpg,60
02954.jpg,181
04168.jpg,60
04254.jpg,134
04516.jpg,60
04866.jpg,60
05079.jpg,191
05790.jpg,60
05823.jpg,60
05999.jpg,181
07106.jpg,181
07903.jpg,60
07928.jpg,60
00187.jpg,61
00390.jpg,61
00848.jpg,61
01248.jpg,61
02526.jpg,27
03128.jpg,4
03297.jpg,61
04287.jpg,61
04362.jpg,61
04403.jpg,61
04411.jpg,61
04990.jpg,26
05097.jpg,26
05797.jpg,61
06009.jpg,61
06380.jpg,61
07141.jpg,61
07335.jpg,61
07877.jpg,89
07882.jpg,61
00183.jpg,29
00961.jpg,29
00990.jpg,29
01182.jpg,29
01218.jpg,29
02139.jpg,29
02693.jpg,29
03005.jpg,29
04315.jpg,29
05210.jpg,29
05565.jpg,29
05581.jpg,29
05618.jpg,29
05807.jpg,29
05995.jpg,29
06352.jpg,29
06364.jpg,29
06399.jpg,29
06421.jpg,29
06504.jpg,5
07747.jpg,29
07817.jpg,29
07914.jpg,165
08002.jpg,29
00106.jpg,30
00515.jpg,33
00559.jpg,30
01021.jpg,30
01247.jpg,30
01338.jpg,30
01543.jpg,30
01653.jpg,30
01726.jpg,30
01845.jpg,30
02252.jpg,30
02736.jpg,30
03107.jpg,30
03374.jpg,30
03446.jpg,30
03771.jpg,30
04636.jpg,30
04824.jpg,30
05371.jpg,145
05962.jpg,98
06130.jpg,30
06543.jpg,30
06897.jpg,30
07825.jpg,30
08000.jpg,30
00433.jpg,110
02246.jpg,32
03092.jpg,32
03820.jpg,32
03847.jpg,32
03972.jpg,32
03979.jpg,32
04303.jpg,39
04660.jpg,32
04921.jpg,32
05101.jpg,30
06661.jpg,32
07220.jpg,32
07606.jpg,32
07675.jpg,32
07688.jpg,32
07851.jpg,32
07888.jpg,50
08083.jpg,30
08102.jpg,32
00091.jpg,33
00396.jpg,33
00734.jpg,33
01149.jpg,33
01177.jpg,33
01290.jpg,33
01329.jpg,33
01463.jpg,33
01565.jpg,33
01641.jpg,32
01996.jpg,33
02227.jpg,33
02289.jpg,33
02631.jpg,33
02694.jpg,33
02852.jpg,33
03067.jpg,33
03302.jpg,33
03325.jpg,33
03517.jpg,32
04319.jpg,33
04450.jpg,33
04529.jpg,33
05055.jpg,33
06047.jpg,33
06698.jpg,33
07507.jpg,32
07701.jpg,33
08041.jpg,33
00172.jpg,31
00556.jpg,31
00802.jpg,32
00828.jpg,31
00873.jpg,31
01596.jpg,31
01950.jpg,31
02723.jpg,158
02839.jpg,31
02979.jpg,124
04006.jpg,31
04281.jpg,31
05430.jpg,31
05469.jpg,31
06232.jpg,31
06294.jpg,31
06329.jpg,31
07359.jpg,31
07694.jpg,31
08142.jpg,31
00391.jpg,62
01442.jpg,62
02153.jpg,62
02753.jpg,62
03024.jpg,62
03204.jpg,62
03218.jpg,62
03286.jpg,62
03405.jpg,62
03521.jpg,62
03609.jpg,62
03637.jpg,62
03778.jpg,62
04219.jpg,62
05399.jpg,35
05503.jpg,62
06250.jpg,62
06472.jpg,62
06654.jpg,35
06668.jpg,62
06717.jpg,62
06740.jpg,62
06820.jpg,62
06831.jpg,62
07055.jpg,62
07125.jpg,62
07722.jpg,62
08061.jpg,62
00246.jpg,90
00506.jpg,63
00747.jpg,63
01049.jpg,63
01106.jpg,143
01470.jpg,63
01674.jpg,70
01875.jpg,63
02405.jpg,63
03042.jpg,186
03124.jpg,63
03230.jpg,174
03338.jpg,63
04071.jpg,63
04455.jpg,63
04570.jpg,63
04766.jpg,63
04909.jpg,63
05626.jpg,143
05836.jpg,63
06482.jpg,63
06791.jpg,187
06950.jpg,63
07013.jpg,32
07180.jpg,63
07494.jpg,63
07748.jpg,63
07936.jpg,143
00844.jpg,64
00904.jpg,64
00939.jpg,117
01053.jpg,64
01203.jpg,64
01798.jpg,64
01962.jpg,64
03079.jpg,64
03088.jpg,64
03296.jpg,64
03301.jpg,64
03508.jpg,64
03599.jpg,64
03859.jpg,82
04143.jpg,64
04704.jpg,64
04971.jpg,64
05300.jpg,64
05389.jpg,8
05711.jpg,64
05734.jpg,64
06093.jpg,64
07444.jpg,64
07544.jpg,79
07653.jpg,144
00024.jpg,36
00088.jpg,129
00182.jpg,36
00241.jpg,36
00315.jpg,121
00573.jpg,48
00760.jpg,43
01016.jpg,36
01375.jpg,36
02376.jpg,112
02816.jpg,43
03125.jpg,36
05388.jpg,36
05631.jpg,36
05849.jpg,36
05939.jpg,36
05998.jpg,126
06631.jpg,36
06989.jpg,36
07671.jpg,36
08111.jpg,36
00243.jpg,34
00752.jpg,34
00992.jpg,34
01356.jpg,34
02069.jpg,34
02180.jpg,34
02814.jpg,34
03817.jpg,34
04869.jpg,34
05467.jpg,34
06259.jpg,34
06656.jpg,34
06722.jpg,34
06776.jpg,34
07113.jpg,34
07510.jpg,34
00300.jpg,35
00342.jpg,35
00711.jpg,35
00890.jpg,35
01960.jpg,35
02160.jpg,168
02358.jpg,35
02734.jpg,35
02756.jpg,35
02983.jpg,35
04299.jpg,35
04457.jpg,35
04730.jpg,35
04734.jpg,35
04934.jpg,35
05325.jpg,35
05331.jpg,35
05355.jpg,35
05596.jpg,35
05817.jpg,35
06517.jpg,35
06604.jpg,107
07234.jpg,35
00537.jpg,65
00762.jpg,65
00799.jpg,120
01859.jpg,65
02143.jpg,177
02190.jpg,65
02315.jpg,65
03485.jpg,65
03711.jpg,65
03986.jpg,120
04206.jpg,65
04286.jpg,65
04304.jpg,65
05165.jpg,65
05206.jpg,65
05354.jpg,65
06045.jpg,65
06144.jpg,65
06365.jpg,65
07399.jpg,65
07456.jpg,65
07601.jpg,65
07821.jpg,65
07859.jpg,65
07926.jpg,65
00049.jpg,53
00494.jpg,43
01554.jpg,66
01569.jpg,66
01662.jpg,175
02204.jpg,71
02562.jpg,110
02973.jpg,66
03462.jpg,66
03471.jpg,66
03540.jpg,66
03719.jpg,66
04173.jpg,66
04363.jpg,66
04628.jpg,66
04775.jpg,66
04811.jpg,66
05680.jpg,66
05907.jpg,66
06300.jpg,50
07583.jpg,66
07777.jpg,66
07796.jpg,66
07814.jpg,66
07932.jpg,66
00271.jpg,67
00766.jpg,67
01460.jpg,49
02285.jpg,191
02563.jpg,191
02685.jpg,135
02711.jpg,67
03532.jpg,67
03611.jpg,67
03853.jpg,67
04306.jpg,67
06634.jpg,67
06697.jpg,67
07343.jpg,67
07356.jpg,67
07607.jpg,67
07608.jpg,67
07839.jpg,67
00162.jpg,38
01501.jpg,68
02587.jpg,38
02708.jpg,68
03050.jpg,38
03080.jpg,68
03250.jpg,38
03754.jpg,38
03914.jpg,38
04459.jpg,38
04665.jpg,68
05260.jpg,38
05288.jpg,38
05533.jpg,38
05537.jpg,38
06001.jpg,68
06287.jpg,59
07151.jpg,117
07272.jpg,38
07461.jpg,38
07636.jpg,38
07834.jpg,38
07982.jpg,68
00093.jpg,37
00655.jpg,37
00900.jpg,37
01763.jpg,37
02322.jpg,37
04384.jpg,37
04787.jpg,37
05441.jpg,37
05904.jpg,37
06580.jpg,37
06622.jpg,37
06710.jpg,37
07513.jpg,37
07975.jpg,37
00048.jpg,68
00118.jpg,37
00298.jpg,68
01476.jpg,38
01940.jpg,68
02045.jpg,68
02263.jpg,68
02521.jpg,68
03368.jpg,0
03639.jpg,68
03900.jpg,68
04569.jpg,37
04698.jpg,68
04849.jpg,68
04958.jpg,83
05172.jpg,115
05914.jpg,37
06572.jpg,37
06706.jpg,68
06841.jpg,68
06911.jpg,37
07000.jpg,68
07807.jpg,68
00137.jpg,69
01302.jpg,69
01498.jpg,69
01794.jpg,70
02147.jpg,69
02249.jpg,191
02293.jpg,189
02931.jpg,69
03161.jpg,43
03186.jpg,69
04160.jpg,69
04635.jpg,69
04852.jpg,69
05039.jpg,69
05225.jpg,121
05770.jpg,69
06213.jpg,73
06844.jpg,156
06927.jpg,69
07149.jpg,69
07306.jpg,43
07806.jpg,69
08123.jpg,69
00428.jpg,162
00461.jpg,162
01347.jpg,89
01607.jpg,89
02208.jpg,162
02802.jpg,89
03002.jpg,162
03076.jpg,89
03153.jpg,89
03310.jpg,162
03357.jpg,162
03564.jpg,89
04082.jpg,89
04231.jpg,89
04963.jpg,89
05001.jpg,89
05247.jpg,89
05440.jpg,172
05563.jpg,89
05622.jpg,89
05629.jpg,89
06371.jpg,162
06397.jpg,89
07630.jpg,89
07650.jpg,89
07984.jpg,89
00029.jpg,34
00110.jpg,128
00111.jpg,162
00327.jpg,89
00404.jpg,89
00445.jpg,78
00449.jpg,142
00778.jpg,162
01028.jpg,89
01236.jpg,130
01269.jpg,83
01510.jpg,172
01629.jpg,89
02105.jpg,128
02184.jpg,142
02477.jpg,89
02904.jpg,89
02915.jpg,25
03259.jpg,89
03406.jpg,89
03419.jpg,128
03594.jpg,89
03808.jpg,89
04098.jpg,77
04210.jpg,162
04333.jpg,142
04388.jpg,162
04562.jpg,87
04712.jpg,34
04871.jpg,162
05053.jpg,128
05211.jpg,89
05485.jpg,162
05502.jpg,89
05954.jpg,162
06785.jpg,9
06858.jpg,172
07204.jpg,78
07304.jpg,162
07376.jpg,87
07642.jpg,172
07668.jpg,34
07698.jpg,142
00590.jpg,68
02198.jpg,8
02987.jpg,39
03212.jpg,19
03358.jpg,39
03437.jpg,90
04632.jpg,39
05018.jpg,39
06079.jpg,39
06430.jpg,103
06440.jpg,43
06672.jpg,39
07414.jpg,153
07550.jpg,46
07582.jpg,39
08098.jpg,39
08138.jpg,39
00323.jpg,32
00460.jpg,70
00641.jpg,110
00651.jpg,70
00882.jpg,70
01038.jpg,146
01250.jpg,110
01530.jpg,70
02355.jpg,19
03846.jpg,0
04090.jpg,32
04146.jpg,66
04288.jpg,70
04332.jpg,70
04762.jpg,156
04860.jpg,63
04861.jpg,70
05538.jpg,70
05856.jpg,153
06235.jpg,156
06427.jpg,146
06835.jpg,156
06889.jpg,70
07403.jpg,110
07628.jpg,70
07715.jpg,156
08078.jpg,70
00189.jpg,90
00475.jpg,39
00565.jpg,189
00572.jpg,90
01523.jpg,90
01761.jpg,90
02061.jpg,90
03044.jpg,90
03487.jpg,136
03518.jpg,191
03841.jpg,60
04364.jpg,90
04587.jpg,189
04809.jpg,90
05109.jpg,90
05215.jpg,157
05951.jpg,90
06272.jpg,90
06638.jpg,90
06777.jpg,126
07301.jpg,90
00027.jpg,90
00139.jpg,5
00482.jpg,90
00557.jpg,90
00666.jpg,110
00719.jpg,4
00796.jpg,90
01110.jpg,90
01282.jpg,90
01320.jpg,90
01355.jpg,70
01479.jpg,90
01507.jpg,39
01985.jpg,90
02092.jpg,70
02379.jpg,90
02529.jpg,90
02602.jpg,183
02741.jpg,90
02807.jpg,90
02949.jpg,90
02952.jpg,90
03686.jpg,90
03857.jpg,70
04141.jpg,0
04156.jpg,4
04637.jpg,90
04655.jpg,90
04897.jpg,70
05320.jpg,39
05422.jpg,90
05511.jpg,102
05872.jpg,90
06114.jpg,70
06576.jpg,69
06965.jpg,90
07136.jpg,102
07637.jpg,70
07707.jpg,90
07819.jpg,90
07929.jpg,90
00584.jpg,71
00656.jpg,71
00921.jpg,71
01104.jpg,98
01265.jpg,71
02261.jpg,71
02349.jpg,122
02495.jpg,71
02525.jpg,2
03873.jpg,71
04583.jpg,71
04905.jpg,71
05327.jpg,71
05420.jpg,156
05795.jpg,146
06058.jpg,98
06168.jpg,71
06367.jpg,71
06409.jpg,71
06867.jpg,71
07435.jpg,122
00288.jpg,72
01226.jpg,72
01336.jpg,72
01435.jpg,72
01449.jpg,72
01699.jpg,24
02131.jpg,72
02932.jpg,72
05417.jpg,72
05484.jpg,148
05708.jpg,72
05894.jpg,72
06573.jpg,72
07477.jpg,60
07648.jpg,72
07770.jpg,72
07815.jpg,152
07939.jpg,72
08103.jpg,72
00431.jpg,41
00553.jpg,41
00869.jpg,41
01120.jpg,41
01158.jpg,41
01566.jpg,41
02437.jpg,41
03621.jpg,42
03823.jpg,41
04726.jpg,41
04912.jpg,41
05117.jpg,63
05175.jpg,41
05285.jpg,41
05387.jpg,17
05838.jpg,41
06016.jpg,41
06434.jpg,41
06496.jpg,41
06730.jpg,63
07280.jpg,41
07358.jpg,41
08036.jpg,160
00075.jpg,41
00203.jpg,41
00906.jpg,41
01531.jpg,42
01696.jpg,42
01913.jpg,41
02250.jpg,63
02650.jpg,98
02687.jpg,42
03113.jpg,42
05127.jpg,42
05322.jpg,42
06416.jpg,160
06658.jpg,42
07725.jpg,42
08139.jpg,42
00324.jpg,40
00599.jpg,40
01299.jpg,40
01824.jpg,40
02283.jpg,40
02393.jpg,40
03090.jpg,40
03271.jpg,40
03366.jpg,94
04314.jpg,40
04573.jpg,40
05527.jpg,40
05974.jpg,94
07424.jpg,40
07792.jpg,40
00019.jpg,73
00082.jpg,73
00958.jpg,73
01997.jpg,73
02086.jpg,73
02623.jpg,73
02629.jpg,73
02860.jpg,115
02997.jpg,73
03593.jpg,73
03748.jpg,73
04128.jpg,73
04263.jpg,73
04546.jpg,73
04754.jpg,73
05232.jpg,73
05498.jpg,73
06462.jpg,73
07073.jpg,73
07360.jpg,73
07551.jpg,73
07659.jpg,143
07788.jpg,73
07958.jpg,73
00042.jpg,116
00140.jpg,116
00199.jpg,150
00527.jpg,39
00580.jpg,116
00786.jpg,116
00797.jpg,116
00881.jpg,116
00931.jpg,116
00950.jpg,116
01068.jpg,116
01121.jpg,116
01140.jpg,116
01303.jpg,116
01860.jpg,116
01865.jpg,116
02011.jpg,116
02417.jpg,116
02461.jpg,116
03003.jpg,116
03033.jpg,116
03141.jpg,116
03300.jpg,116
03430.jpg,116
03438.jpg,116
03579.jpg,116
03596.jpg,150
03636.jpg,116
03982.jpg,116
04005.jpg,116
04078.jpg,116
04240.jpg,116
04514.jpg,116
04526.jpg,116
04661.jpg,27
05528.jpg,116
05607.jpg,116
06343.jpg,44
07049.jpg,116
07092.jpg,44
07275.jpg,116
07457.jpg,116
07540.jpg,116
07779.jpg,150
07866.jpg,116
07949.jpg,116
00196.jpg,97
00586.jpg,135
01408.jpg,135
01670.jpg,97
02742.jpg,19
04004.jpg,33
04600.jpg,97
04959.jpg,97
05492.jpg,97
05642.jpg,135
05679.jpg,175
05766.jpg,109
06104.jpg,71
06561.jpg,97
08088.jpg,97
00025.jpg,44
00426.jpg,44
00643.jpg,44
01015.jpg,44
01518.jpg,44
01844.jpg,44
02039.jpg,44
02067.jpg,116
03613.jpg,44
04538.jpg,44
05169.jpg,44
06127.jpg,44
06260.jpg,44
06560.jpg,44
06960.jpg,44
07066.jpg,116
07067.jpg,44
07633.jpg,44
07900.jpg,44
00326.jpg,43
00583.jpg,43
00885.jpg,43
01112.jpg,43
02262.jpg,43
02989.jpg,43
03224.jpg,43
03668.jpg,43
04982.jpg,43
05367.jpg,43
05890.jpg,43
06111.jpg,43
06935.jpg,43
07177.jpg,152
07373.jpg,43
07402.jpg,43
07441.jpg,43
07454.jpg,43
08071.jpg,43
00393.jpg,74
00851.jpg,74
00852.jpg,74
00952.jpg,134
01285.jpg,74
01539.jpg,74
01774.jpg,74
01867.jpg,74
02183.jpg,74
02331.jpg,74
03059.jpg,74
03995.jpg,134
04076.jpg,74
04358.jpg,74
04445.jpg,74
04614.jpg,134
05012.jpg,74
05171.jpg,74
05256.jpg,170
06471.jpg,74
06632.jpg,74
07369.jpg,74
07609.jpg,181
00222.jpg,75
02392.jpg,75
02866.jpg,75
02961.jpg,75
03728.jpg,75
04876.jpg,75
06373.jpg,75
06465.jpg,75
07026.jpg,75
07455.jpg,75
07500.jpg,75
07846.jpg,59
07895.jpg,75
